-- CARGA DE DATOS BD ATP

USE `atp`;

-- INSERTS DE ENTRADA
DELETE FROM ENTRADA;

insert into ENTRADA (NUM_ENTRADA, GRADA, ID_PARTIDO, COSTE) values (1, 'ALTA', 42, 84);
insert into ENTRADA (NUM_ENTRADA, GRADA, ID_PARTIDO, COSTE) values (2, 'MEDIA_ALTA', 85, 297);
insert into ENTRADA (NUM_ENTRADA, GRADA, ID_PARTIDO, COSTE) values (3, 'BAJA', 50, 247);
insert into ENTRADA (NUM_ENTRADA, GRADA, ID_PARTIDO, COSTE) values (4, 'MEDIA_BAJA', 65, 41);
insert into ENTRADA (NUM_ENTRADA, GRADA, ID_PARTIDO, COSTE) values (5, 'MEDIA_ALTA', 3, 106);
insert into ENTRADA (NUM_ENTRADA, GRADA, ID_PARTIDO, COSTE) values (6, 'BAJA', 2, 343);
insert into ENTRADA (NUM_ENTRADA, GRADA, ID_PARTIDO, COSTE) values (7, 'ALTA', 64, 39);
insert into ENTRADA (NUM_ENTRADA, GRADA, ID_PARTIDO, COSTE) values (8, 'BAJA', 15, 213);
insert into ENTRADA (NUM_ENTRADA, GRADA, ID_PARTIDO, COSTE) values (9, 'BAJA', 27, 370);
insert into ENTRADA (NUM_ENTRADA, GRADA, ID_PARTIDO, COSTE) values (10, 'MEDIA_BAJA', 19, 392);
insert into ENTRADA (NUM_ENTRADA, GRADA, ID_PARTIDO, COSTE) values (11, 'ALTA', 40, 330);
insert into ENTRADA (NUM_ENTRADA, GRADA, ID_PARTIDO, COSTE) values (12, 'MEDIA_BAJA', 81, 398);
insert into ENTRADA (NUM_ENTRADA, GRADA, ID_PARTIDO, COSTE) values (13, 'ALTA', 4, 211);
insert into ENTRADA (NUM_ENTRADA, GRADA, ID_PARTIDO, COSTE) values (14, 'MEDIA_ALTA', 96, 348);
insert into ENTRADA (NUM_ENTRADA, GRADA, ID_PARTIDO, COSTE) values (15, 'BAJA', 64, 317);
insert into ENTRADA (NUM_ENTRADA, GRADA, ID_PARTIDO, COSTE) values (16, 'BAJA', 7, 186);
insert into ENTRADA (NUM_ENTRADA, GRADA, ID_PARTIDO, COSTE) values (17, 'ALTA', 37, 385);
insert into ENTRADA (NUM_ENTRADA, GRADA, ID_PARTIDO, COSTE) values (18, 'BAJA', 49, 310);
insert into ENTRADA (NUM_ENTRADA, GRADA, ID_PARTIDO, COSTE) values (19, 'ALTA', 42, 248);
insert into ENTRADA (NUM_ENTRADA, GRADA, ID_PARTIDO, COSTE) values (20, 'MEDIA_ALTA', 89, 368);
insert into ENTRADA (NUM_ENTRADA, GRADA, ID_PARTIDO, COSTE) values (21, 'MEDIA_BAJA', 50, 31);
insert into ENTRADA (NUM_ENTRADA, GRADA, ID_PARTIDO, COSTE) values (22, 'MEDIA_ALTA', 55, 215);
insert into ENTRADA (NUM_ENTRADA, GRADA, ID_PARTIDO, COSTE) values (23, 'BAJA', 76, 123);
insert into ENTRADA (NUM_ENTRADA, GRADA, ID_PARTIDO, COSTE) values (24, 'ALTA', 27, 141);
insert into ENTRADA (NUM_ENTRADA, GRADA, ID_PARTIDO, COSTE) values (25, 'MEDIA_ALTA', 51, 395);
insert into ENTRADA (NUM_ENTRADA, GRADA, ID_PARTIDO, COSTE) values (26, 'MEDIA_ALTA', 23, 105);
insert into ENTRADA (NUM_ENTRADA, GRADA, ID_PARTIDO, COSTE) values (27, 'MEDIA_BAJA', 46, 330);
insert into ENTRADA (NUM_ENTRADA, GRADA, ID_PARTIDO, COSTE) values (28, 'MEDIA_BAJA', 98, 201);
insert into ENTRADA (NUM_ENTRADA, GRADA, ID_PARTIDO, COSTE) values (29, 'BAJA', 37, 133);
insert into ENTRADA (NUM_ENTRADA, GRADA, ID_PARTIDO, COSTE) values (30, 'MEDIA_ALTA', 66, 125);
insert into ENTRADA (NUM_ENTRADA, GRADA, ID_PARTIDO, COSTE) values (31, 'MEDIA_BAJA', 94, 99);
insert into ENTRADA (NUM_ENTRADA, GRADA, ID_PARTIDO, COSTE) values (32, 'ALTA', 77, 281);
insert into ENTRADA (NUM_ENTRADA, GRADA, ID_PARTIDO, COSTE) values (33, 'BAJA', 46, 78);
insert into ENTRADA (NUM_ENTRADA, GRADA, ID_PARTIDO, COSTE) values (34, 'MEDIA_BAJA', 33, 296);
insert into ENTRADA (NUM_ENTRADA, GRADA, ID_PARTIDO, COSTE) values (35, 'ALTA', 15, 232);
insert into ENTRADA (NUM_ENTRADA, GRADA, ID_PARTIDO, COSTE) values (36, 'ALTA', 30, 236);
insert into ENTRADA (NUM_ENTRADA, GRADA, ID_PARTIDO, COSTE) values (37, 'MEDIA_BAJA', 54, 147);
insert into ENTRADA (NUM_ENTRADA, GRADA, ID_PARTIDO, COSTE) values (38, 'MEDIA_BAJA', 23, 204);
insert into ENTRADA (NUM_ENTRADA, GRADA, ID_PARTIDO, COSTE) values (39, 'MEDIA_ALTA', 40, 221);
insert into ENTRADA (NUM_ENTRADA, GRADA, ID_PARTIDO, COSTE) values (40, 'BAJA', 20, 26);
insert into ENTRADA (NUM_ENTRADA, GRADA, ID_PARTIDO, COSTE) values (41, 'BAJA', 73, 390);
insert into ENTRADA (NUM_ENTRADA, GRADA, ID_PARTIDO, COSTE) values (42, 'ALTA', 72, 95);
insert into ENTRADA (NUM_ENTRADA, GRADA, ID_PARTIDO, COSTE) values (43, 'BAJA', 28, 168);
insert into ENTRADA (NUM_ENTRADA, GRADA, ID_PARTIDO, COSTE) values (44, 'ALTA', 100, 399);
insert into ENTRADA (NUM_ENTRADA, GRADA, ID_PARTIDO, COSTE) values (45, 'BAJA', 55, 339);
insert into ENTRADA (NUM_ENTRADA, GRADA, ID_PARTIDO, COSTE) values (46, 'BAJA', 88, 277);
insert into ENTRADA (NUM_ENTRADA, GRADA, ID_PARTIDO, COSTE) values (47, 'MEDIA_ALTA', 71, 59);
insert into ENTRADA (NUM_ENTRADA, GRADA, ID_PARTIDO, COSTE) values (48, 'MEDIA_BAJA', 70, 165);
insert into ENTRADA (NUM_ENTRADA, GRADA, ID_PARTIDO, COSTE) values (49, 'MEDIA_BAJA', 31, 112);
insert into ENTRADA (NUM_ENTRADA, GRADA, ID_PARTIDO, COSTE) values (50, 'BAJA', 39, 251);
insert into ENTRADA (NUM_ENTRADA, GRADA, ID_PARTIDO, COSTE) values (51, 'BAJA', 56, 323);
insert into ENTRADA (NUM_ENTRADA, GRADA, ID_PARTIDO, COSTE) values (52, 'ALTA', 26, 361);
insert into ENTRADA (NUM_ENTRADA, GRADA, ID_PARTIDO, COSTE) values (53, 'MEDIA_ALTA', 13, 37);
insert into ENTRADA (NUM_ENTRADA, GRADA, ID_PARTIDO, COSTE) values (54, 'BAJA', 49, 47);
insert into ENTRADA (NUM_ENTRADA, GRADA, ID_PARTIDO, COSTE) values (55, 'BAJA', 13, 254);
insert into ENTRADA (NUM_ENTRADA, GRADA, ID_PARTIDO, COSTE) values (56, 'MEDIA_ALTA', 48, 329);
insert into ENTRADA (NUM_ENTRADA, GRADA, ID_PARTIDO, COSTE) values (57, 'MEDIA_ALTA', 80, 50);
insert into ENTRADA (NUM_ENTRADA, GRADA, ID_PARTIDO, COSTE) values (58, 'BAJA', 99, 269);
insert into ENTRADA (NUM_ENTRADA, GRADA, ID_PARTIDO, COSTE) values (59, 'MEDIA_BAJA', 15, 106);
insert into ENTRADA (NUM_ENTRADA, GRADA, ID_PARTIDO, COSTE) values (60, 'MEDIA_ALTA', 70, 317);
insert into ENTRADA (NUM_ENTRADA, GRADA, ID_PARTIDO, COSTE) values (61, 'MEDIA_BAJA', 71, 396);
insert into ENTRADA (NUM_ENTRADA, GRADA, ID_PARTIDO, COSTE) values (62, 'BAJA', 15, 232);
insert into ENTRADA (NUM_ENTRADA, GRADA, ID_PARTIDO, COSTE) values (63, 'MEDIA_BAJA', 40, 36);
insert into ENTRADA (NUM_ENTRADA, GRADA, ID_PARTIDO, COSTE) values (64, 'ALTA', 82, 197);
insert into ENTRADA (NUM_ENTRADA, GRADA, ID_PARTIDO, COSTE) values (65, 'MEDIA_ALTA', 29, 323);
insert into ENTRADA (NUM_ENTRADA, GRADA, ID_PARTIDO, COSTE) values (66, 'BAJA', 10, 226);
insert into ENTRADA (NUM_ENTRADA, GRADA, ID_PARTIDO, COSTE) values (67, 'MEDIA_ALTA', 28, 47);
insert into ENTRADA (NUM_ENTRADA, GRADA, ID_PARTIDO, COSTE) values (68, 'BAJA', 71, 53);
insert into ENTRADA (NUM_ENTRADA, GRADA, ID_PARTIDO, COSTE) values (69, 'BAJA', 8, 308);
insert into ENTRADA (NUM_ENTRADA, GRADA, ID_PARTIDO, COSTE) values (70, 'MEDIA_ALTA', 64, 51);
insert into ENTRADA (NUM_ENTRADA, GRADA, ID_PARTIDO, COSTE) values (71, 'MEDIA_BAJA', 26, 367);
insert into ENTRADA (NUM_ENTRADA, GRADA, ID_PARTIDO, COSTE) values (72, 'MEDIA_ALTA', 11, 302);
insert into ENTRADA (NUM_ENTRADA, GRADA, ID_PARTIDO, COSTE) values (73, 'MEDIA_ALTA', 40, 143);
insert into ENTRADA (NUM_ENTRADA, GRADA, ID_PARTIDO, COSTE) values (74, 'MEDIA_ALTA', 49, 304);
insert into ENTRADA (NUM_ENTRADA, GRADA, ID_PARTIDO, COSTE) values (75, 'ALTA', 23, 28);
insert into ENTRADA (NUM_ENTRADA, GRADA, ID_PARTIDO, COSTE) values (76, 'ALTA', 20, 33);
insert into ENTRADA (NUM_ENTRADA, GRADA, ID_PARTIDO, COSTE) values (77, 'ALTA', 94, 381);
insert into ENTRADA (NUM_ENTRADA, GRADA, ID_PARTIDO, COSTE) values (78, 'MEDIA_BAJA', 32, 20);
insert into ENTRADA (NUM_ENTRADA, GRADA, ID_PARTIDO, COSTE) values (79, 'ALTA', 51, 362);
insert into ENTRADA (NUM_ENTRADA, GRADA, ID_PARTIDO, COSTE) values (80, 'ALTA', 18, 335);
insert into ENTRADA (NUM_ENTRADA, GRADA, ID_PARTIDO, COSTE) values (81, 'MEDIA_ALTA', 13, 355);
insert into ENTRADA (NUM_ENTRADA, GRADA, ID_PARTIDO, COSTE) values (82, 'ALTA', 48, 144);
insert into ENTRADA (NUM_ENTRADA, GRADA, ID_PARTIDO, COSTE) values (83, 'MEDIA_BAJA', 62, 148);
insert into ENTRADA (NUM_ENTRADA, GRADA, ID_PARTIDO, COSTE) values (84, 'ALTA', 91, 162);
insert into ENTRADA (NUM_ENTRADA, GRADA, ID_PARTIDO, COSTE) values (85, 'BAJA', 44, 366);
insert into ENTRADA (NUM_ENTRADA, GRADA, ID_PARTIDO, COSTE) values (86, 'MEDIA_BAJA', 91, 102);
insert into ENTRADA (NUM_ENTRADA, GRADA, ID_PARTIDO, COSTE) values (87, 'BAJA', 83, 277);
insert into ENTRADA (NUM_ENTRADA, GRADA, ID_PARTIDO, COSTE) values (88, 'ALTA', 9, 380);
insert into ENTRADA (NUM_ENTRADA, GRADA, ID_PARTIDO, COSTE) values (89, 'BAJA', 16, 278);
insert into ENTRADA (NUM_ENTRADA, GRADA, ID_PARTIDO, COSTE) values (90, 'MEDIA_ALTA', 30, 166);
insert into ENTRADA (NUM_ENTRADA, GRADA, ID_PARTIDO, COSTE) values (91, 'BAJA', 47, 85);
insert into ENTRADA (NUM_ENTRADA, GRADA, ID_PARTIDO, COSTE) values (92, 'MEDIA_ALTA', 67, 50);
insert into ENTRADA (NUM_ENTRADA, GRADA, ID_PARTIDO, COSTE) values (93, 'ALTA', 47, 68);
insert into ENTRADA (NUM_ENTRADA, GRADA, ID_PARTIDO, COSTE) values (94, 'MEDIA_BAJA', 26, 328);
insert into ENTRADA (NUM_ENTRADA, GRADA, ID_PARTIDO, COSTE) values (95, 'MEDIA_BAJA', 10, 321);
insert into ENTRADA (NUM_ENTRADA, GRADA, ID_PARTIDO, COSTE) values (96, 'ALTA', 4, 170);
insert into ENTRADA (NUM_ENTRADA, GRADA, ID_PARTIDO, COSTE) values (97, 'MEDIA_BAJA', 53, 388);
insert into ENTRADA (NUM_ENTRADA, GRADA, ID_PARTIDO, COSTE) values (98, 'ALTA', 25, 189);
insert into ENTRADA (NUM_ENTRADA, GRADA, ID_PARTIDO, COSTE) values (99, 'ALTA', 34, 138);
insert into ENTRADA (NUM_ENTRADA, GRADA, ID_PARTIDO, COSTE) values (100, 'BAJA', 54, 280);

-- INSERTS DE ENTRENADOR
DELETE FROM ENTRENADOR;

insert into ENTRENADOR (id_entrenador,  nombre, apellidos, pais, fecha_nacimiento, exjugador, tiempo_como_jugador, tiempo_activo, sexo, estudios) values (1, 'Charleen', 'Bizzey', 'Burundi', '1973-05-23', 'SI', 4, 7, 'MUJER', 'Graduado');
insert into ENTRENADOR (id_entrenador,  nombre, apellidos, pais, fecha_nacimiento, exjugador, tiempo_como_jugador, tiempo_activo, sexo, estudios) values (2, 'Brandyn', 'Gambie', 'Peru', '1984-08-07', 'SI', 10, 1, 'HOMBRE', 'Doctorado');
insert into ENTRENADOR (id_entrenador,  nombre, apellidos, pais, fecha_nacimiento, exjugador, tiempo_como_jugador, tiempo_activo, sexo, estudios) values (3, 'Wynn', 'Southers', 'Afghanistan', '1979-02-18', 'SI', 0, 1, 'HOMBRE', 'Graduado');
insert into ENTRENADOR (id_entrenador,  nombre, apellidos, pais, fecha_nacimiento, exjugador, tiempo_como_jugador, tiempo_activo, sexo, estudios) values (4, 'Daron', 'Blasiak', 'Poland', '1979-12-23', 'SI', 8, 4, 'HOMBRE', 'Master');
insert into ENTRENADOR (id_entrenador,  nombre, apellidos, pais, fecha_nacimiento, exjugador, tiempo_como_jugador, tiempo_activo, sexo, estudios) values (5, 'Garik', 'Greener', 'Canada', '1982-08-20', 'SI', 3, 17, 'MUJER', 'Graduado');
insert into ENTRENADOR (id_entrenador,  nombre, apellidos, pais, fecha_nacimiento, exjugador, tiempo_como_jugador, tiempo_activo, sexo, estudios) values (6, 'Boonie', 'Hans', 'Croatia', '1984-10-27', 'NO', 'null', 6, 'HOMBRE', 'Master');
insert into ENTRENADOR (id_entrenador,  nombre, apellidos, pais, fecha_nacimiento, exjugador, tiempo_como_jugador, tiempo_activo, sexo, estudios) values (7, 'Raphaela', 'Kilgallen', 'Nigeria', '1979-08-01', 'NO', 'null', 15, 'MUJER', 'Graduado');
insert into ENTRENADOR (id_entrenador,  nombre, apellidos, pais, fecha_nacimiento, exjugador, tiempo_como_jugador, tiempo_activo, sexo, estudios) values (8, 'Hakeem', 'Cormode', 'Uruguay', '1984-10-31', 'SI', 23, 8, 'HOMBRE', 'Educación obligatoria');
insert into ENTRENADOR (id_entrenador,  nombre, apellidos, pais, fecha_nacimiento, exjugador, tiempo_como_jugador, tiempo_activo, sexo, estudios) values (9, 'Francine', 'Eeles', 'Russia', '1973-04-28', 'NO', 'null', 3, 'MUJER', 'Doctorado');
insert into ENTRENADOR (id_entrenador,  nombre, apellidos, pais, fecha_nacimiento, exjugador, tiempo_como_jugador, tiempo_activo, sexo, estudios) values (10, 'Stormy', 'Avraam', 'Denmark', '1985-01-12', 'SI', 24, 14, 'MUJER', 'Master');
insert into ENTRENADOR (id_entrenador,  nombre, apellidos, pais, fecha_nacimiento, exjugador, tiempo_como_jugador, tiempo_activo, sexo, estudios) values (11, 'Riva', 'Frisdick', 'Finland', '1986-04-02', 'NO', 'null', 3, 'MUJER', 'Master');
insert into ENTRENADOR (id_entrenador,  nombre, apellidos, pais, fecha_nacimiento, exjugador, tiempo_como_jugador, tiempo_activo, sexo, estudios) values (12, 'Ignace', 'Brownsell', 'Indonesia', '1973-02-10', 'NO', 'null', 13, 'MUJER', 'Educación obligatoria');
insert into ENTRENADOR (id_entrenador,  nombre, apellidos, pais, fecha_nacimiento, exjugador, tiempo_como_jugador, tiempo_activo, sexo, estudios) values (13, 'Cynthie', 'Qualtrough', 'Brazil', '1982-10-14', 'NO', 'null', 16, 'MUJER', 'Educación obligatoria');
insert into ENTRENADOR (id_entrenador,  nombre, apellidos, pais, fecha_nacimiento, exjugador, tiempo_como_jugador, tiempo_activo, sexo, estudios) values (14, 'Kimbra', 'Eads', 'Philippines', '1977-03-02', 'SI', 7, 13, 'HOMBRE', 'Doctorado');
insert into ENTRENADOR (id_entrenador,  nombre, apellidos, pais, fecha_nacimiento, exjugador, tiempo_como_jugador, tiempo_activo, sexo, estudios) values (15, 'Hermione', 'Cowerd', 'China', '1971-02-12', 'SI', 9, 1, 'MUJER', 'Educación obligatoria');
insert into ENTRENADOR (id_entrenador,  nombre, apellidos, pais, fecha_nacimiento, exjugador, tiempo_como_jugador, tiempo_activo, sexo, estudios) values (16, 'Dacey', 'Fouracres', 'Brazil', '1977-07-17', 'NO', 'null', 7, 'MUJER', 'Master');
insert into ENTRENADOR (id_entrenador,  nombre, apellidos, pais, fecha_nacimiento, exjugador, tiempo_como_jugador, tiempo_activo, sexo, estudios) values (17, 'Marysa', 'Seyers', 'Israel', '1985-10-22', 'NO', 'null', 2, 'MUJER', 'Doctorado');
insert into ENTRENADOR (id_entrenador,  nombre, apellidos, pais, fecha_nacimiento, exjugador, tiempo_como_jugador, tiempo_activo, sexo, estudios) values (18, 'Creighton', 'Kilmurry', 'China', '1992-03-16', 'NO', 'null', 1, 'HOMBRE', 'Graduado');
insert into ENTRENADOR (id_entrenador,  nombre, apellidos, pais, fecha_nacimiento, exjugador, tiempo_como_jugador, tiempo_activo, sexo, estudios) values (19, 'Lilas', 'Michelet', 'China', '1980-01-02', 'NO', 'null', 8, 'MUJER', 'Doctorado');
insert into ENTRENADOR (id_entrenador,  nombre, apellidos, pais, fecha_nacimiento, exjugador, tiempo_como_jugador, tiempo_activo, sexo, estudios) values (20, 'Reynold', 'Foster-Smith', 'Mexico', '1974-01-03', 'NO', 'null', 1, 'HOMBRE', 'Doctorado');
insert into ENTRENADOR (id_entrenador,  nombre, apellidos, pais, fecha_nacimiento, exjugador, tiempo_como_jugador, tiempo_activo, sexo, estudios) values (21, 'Adey', 'Christofe', 'Nicaragua', '1967-12-11', 'NO', 'null', 16, 'MUJER', 'Master');
insert into ENTRENADOR (id_entrenador,  nombre, apellidos, pais, fecha_nacimiento, exjugador, tiempo_como_jugador, tiempo_activo, sexo, estudios) values (22, 'Yuri', 'Springell', 'Indonesia', '1967-04-28', 'SI', 7, 9, 'HOMBRE', 'Graduado');
insert into ENTRENADOR (id_entrenador,  nombre, apellidos, pais, fecha_nacimiento, exjugador, tiempo_como_jugador, tiempo_activo, sexo, estudios) values (23, 'Lenci', 'Matthews', 'China', '1982-10-07', 'NO', 'null', 7, 'MUJER', 'Master');
insert into ENTRENADOR (id_entrenador,  nombre, apellidos, pais, fecha_nacimiento, exjugador, tiempo_como_jugador, tiempo_activo, sexo, estudios) values (24, 'Gabriel', 'Sweeny', 'Sweden', '1986-01-20', 'SI', 12, 8, 'MUJER', 'Educación obligatoria');
insert into ENTRENADOR (id_entrenador,  nombre, apellidos, pais, fecha_nacimiento, exjugador, tiempo_como_jugador, tiempo_activo, sexo, estudios) values (25, 'Sumner', 'Clackson', 'China', '1988-10-30', 'SI', 1, 14, 'HOMBRE', 'Master');
insert into ENTRENADOR (id_entrenador,  nombre, apellidos, pais, fecha_nacimiento, exjugador, tiempo_como_jugador, tiempo_activo, sexo, estudios) values (26, 'Cleopatra', 'Gearing', 'Netherlands', '1981-06-30', 'SI', 6, 6, 'HOMBRE', 'Graduado');
insert into ENTRENADOR (id_entrenador,  nombre, apellidos, pais, fecha_nacimiento, exjugador, tiempo_como_jugador, tiempo_activo, sexo, estudios) values (27, 'Tova', 'Naismith', 'China', '1984-03-28', 'NO', 'null', 7, 'MUJER', 'Doctorado');
insert into ENTRENADOR (id_entrenador,  nombre, apellidos, pais, fecha_nacimiento, exjugador, tiempo_como_jugador, tiempo_activo, sexo, estudios) values (28, 'Marilyn', 'Imms', 'Portugal', '1979-06-10', 'NO', 'null', 20, 'HOMBRE', 'Master');
insert into ENTRENADOR (id_entrenador,  nombre, apellidos, pais, fecha_nacimiento, exjugador, tiempo_como_jugador, tiempo_activo, sexo, estudios) values (29, 'Nara', 'Jewess', 'Indonesia', '1976-02-26', 'NO', 'null', 4, 'HOMBRE', 'Educación obligatoria');
insert into ENTRENADOR (id_entrenador,  nombre, apellidos, pais, fecha_nacimiento, exjugador, tiempo_como_jugador, tiempo_activo, sexo, estudios) values (30, 'Daniella', 'Askem', 'Slovenia', '1968-04-18', 'NO', 'null', 14, 'MUJER', 'Master');
insert into ENTRENADOR (id_entrenador,  nombre, apellidos, pais, fecha_nacimiento, exjugador, tiempo_como_jugador, tiempo_activo, sexo, estudios) values (31, 'Xerxes', 'Shuter', 'China', '1980-06-08', 'SI', 5, 18, 'MUJER', 'Graduado');
insert into ENTRENADOR (id_entrenador,  nombre, apellidos, pais, fecha_nacimiento, exjugador, tiempo_como_jugador, tiempo_activo, sexo, estudios) values (32, 'Luciana', 'Mac', 'Indonesia', '1980-10-04', 'SI', 25, 5, 'HOMBRE', 'Educación obligatoria');
insert into ENTRENADOR (id_entrenador,  nombre, apellidos, pais, fecha_nacimiento, exjugador, tiempo_como_jugador, tiempo_activo, sexo, estudios) values (33, 'Burnard', 'Phillippo', 'Czech Republic', '1978-06-01', 'SI', 5, 19, 'MUJER', 'Master');
insert into ENTRENADOR (id_entrenador,  nombre, apellidos, pais, fecha_nacimiento, exjugador, tiempo_como_jugador, tiempo_activo, sexo, estudios) values (34, 'Julie', 'Swannick', 'China', '1978-10-19', 'NO', 'null', 7, 'MUJER', 'Master');
insert into ENTRENADOR (id_entrenador,  nombre, apellidos, pais, fecha_nacimiento, exjugador, tiempo_como_jugador, tiempo_activo, sexo, estudios) values (35, 'Selia', 'Franceschielli', 'Thailand', '1987-01-18', 'NO', 'null', 20, 'MUJER', 'Master');
insert into ENTRENADOR (id_entrenador,  nombre, apellidos, pais, fecha_nacimiento, exjugador, tiempo_como_jugador, tiempo_activo, sexo, estudios) values (36, 'Elnora', 'Revelle', 'China', '1989-03-19', 'NO', 'null', 4, 'MUJER', 'Doctorado');
insert into ENTRENADOR (id_entrenador,  nombre, apellidos, pais, fecha_nacimiento, exjugador, tiempo_como_jugador, tiempo_activo, sexo, estudios) values (37, 'Tawnya', 'Fluck', 'China', '1986-11-28', 'NO', 'null', 1, 'MUJER', 'Doctorado');
insert into ENTRENADOR (id_entrenador,  nombre, apellidos, pais, fecha_nacimiento, exjugador, tiempo_como_jugador, tiempo_activo, sexo, estudios) values (38, 'Armando', 'Silliman', 'Kazakhstan', '1984-11-18', 'NO', 'null', 11, 'MUJER', 'Educación obligatoria');
insert into ENTRENADOR (id_entrenador,  nombre, apellidos, pais, fecha_nacimiento, exjugador, tiempo_como_jugador, tiempo_activo, sexo, estudios) values (39, 'Webster', 'Deniso', 'Russia', '1979-11-06', 'SI', 3, 7, 'MUJER', 'Graduado');
insert into ENTRENADOR (id_entrenador,  nombre, apellidos, pais, fecha_nacimiento, exjugador, tiempo_como_jugador, tiempo_activo, sexo, estudios) values (40, 'Killie', 'Gawke', 'Dominican Republic', '1984-10-11', 'SI', 5, 9, 'MUJER', 'Educación obligatoria');
insert into ENTRENADOR (id_entrenador,  nombre, apellidos, pais, fecha_nacimiento, exjugador, tiempo_como_jugador, tiempo_activo, sexo, estudios) values (41, 'Staffard', 'Bruggeman', 'Ireland', '1984-02-23', 'NO', 'null', 17, 'MUJER', 'Graduado');
insert into ENTRENADOR (id_entrenador,  nombre, apellidos, pais, fecha_nacimiento, exjugador, tiempo_como_jugador, tiempo_activo, sexo, estudios) values (42, 'Zena', 'Autry', 'Indonesia', '1991-02-23', 'NO', 'null', 11, 'HOMBRE', 'Master');
insert into ENTRENADOR (id_entrenador,  nombre, apellidos, pais, fecha_nacimiento, exjugador, tiempo_como_jugador, tiempo_activo, sexo, estudios) values (43, 'Wilmer', 'Eldon', 'Russia', '1988-08-17', 'NO', 'null', 1, 'HOMBRE', 'Educación obligatoria');
insert into ENTRENADOR (id_entrenador,  nombre, apellidos, pais, fecha_nacimiento, exjugador, tiempo_como_jugador, tiempo_activo, sexo, estudios) values (44, 'Haley', 'Limpkin', 'Sweden', '1977-07-20', 'NO', 'null', 8, 'MUJER', 'Master');
insert into ENTRENADOR (id_entrenador,  nombre, apellidos, pais, fecha_nacimiento, exjugador, tiempo_como_jugador, tiempo_activo, sexo, estudios) values (45, 'Karrie', 'Cheetham', 'Burkina Faso', '1984-09-27', 'NO', 'null', 7, 'MUJER', 'Graduado');
insert into ENTRENADOR (id_entrenador,  nombre, apellidos, pais, fecha_nacimiento, exjugador, tiempo_como_jugador, tiempo_activo, sexo, estudios) values (46, 'Dennet', 'Maraga', 'China', '1977-03-14', 'NO', 'null', 2, 'HOMBRE', 'Doctorado');
insert into ENTRENADOR (id_entrenador,  nombre, apellidos, pais, fecha_nacimiento, exjugador, tiempo_como_jugador, tiempo_activo, sexo, estudios) values (47, 'Leonanie', 'Fairebrother', 'China', '1990-01-17', 'SI', 5, 5, 'HOMBRE', 'Master');
insert into ENTRENADOR (id_entrenador,  nombre, apellidos, pais, fecha_nacimiento, exjugador, tiempo_como_jugador, tiempo_activo, sexo, estudios) values (48, 'Gerardo', 'Wallett', 'Argentina', '1978-12-14', 'NO', 'null', 2, 'HOMBRE', 'Master');
insert into ENTRENADOR (id_entrenador,  nombre, apellidos, pais, fecha_nacimiento, exjugador, tiempo_como_jugador, tiempo_activo, sexo, estudios) values (49, 'Layney', 'McMeekan', 'Russia', '1981-08-15', 'NO', 'null', 6, 'MUJER', 'Graduado');
insert into ENTRENADOR (id_entrenador,  nombre, apellidos, pais, fecha_nacimiento, exjugador, tiempo_como_jugador, tiempo_activo, sexo, estudios) values (50, 'Terrel', 'O'' Faherty', 'China', '1973-12-23', 'SI', 16, 7, 'MUJER', 'Graduado');
insert into ENTRENADOR (id_entrenador,  nombre, apellidos, pais, fecha_nacimiento, exjugador, tiempo_como_jugador, tiempo_activo, sexo, estudios) values (51, 'Hinda', 'Bolf', 'Indonesia', '1976-07-11', 'SI', 7, 14, 'MUJER', 'Educación obligatoria');
insert into ENTRENADOR (id_entrenador,  nombre, apellidos, pais, fecha_nacimiento, exjugador, tiempo_como_jugador, tiempo_activo, sexo, estudios) values (52, 'Gib', 'Farfull', 'Brazil', '1969-04-17', 'SI', 11, 5, 'MUJER', 'Graduado');
insert into ENTRENADOR (id_entrenador,  nombre, apellidos, pais, fecha_nacimiento, exjugador, tiempo_como_jugador, tiempo_activo, sexo, estudios) values (53, 'Catherine', 'Crowcroft', 'China', '1987-12-25', 'SI', 14, 16, 'MUJER', 'Graduado');
insert into ENTRENADOR (id_entrenador,  nombre, apellidos, pais, fecha_nacimiento, exjugador, tiempo_como_jugador, tiempo_activo, sexo, estudios) values (54, 'Borg', 'Bertwistle', 'China', '1983-09-22', 'SI', 12, 6, 'HOMBRE', 'Educación obligatoria');
insert into ENTRENADOR (id_entrenador,  nombre, apellidos, pais, fecha_nacimiento, exjugador, tiempo_como_jugador, tiempo_activo, sexo, estudios) values (55, 'Haroun', 'Cundy', 'France', '1985-01-16', 'NO', 'null', 4, 'MUJER', 'Graduado');
insert into ENTRENADOR (id_entrenador,  nombre, apellidos, pais, fecha_nacimiento, exjugador, tiempo_como_jugador, tiempo_activo, sexo, estudios) values (56, 'Devonna', 'Risely', 'Peru', '1990-06-27', 'NO', 'null', 6, 'MUJER', 'Master');
insert into ENTRENADOR (id_entrenador,  nombre, apellidos, pais, fecha_nacimiento, exjugador, tiempo_como_jugador, tiempo_activo, sexo, estudios) values (57, 'Uriah', 'Whellams', 'China', '1982-04-05', 'NO', 'null', 20, 'MUJER', 'Graduado');
insert into ENTRENADOR (id_entrenador,  nombre, apellidos, pais, fecha_nacimiento, exjugador, tiempo_como_jugador, tiempo_activo, sexo, estudios) values (58, 'Bettye', 'O''Gready', 'China', '1992-03-13', 'SI', 19, 10, 'MUJER', 'Graduado');
insert into ENTRENADOR (id_entrenador,  nombre, apellidos, pais, fecha_nacimiento, exjugador, tiempo_como_jugador, tiempo_activo, sexo, estudios) values (59, 'Kessia', 'Mackney', 'New Zealand', '1979-07-14', 'SI', 0, 10, 'HOMBRE', 'Educación obligatoria');
insert into ENTRENADOR (id_entrenador,  nombre, apellidos, pais, fecha_nacimiento, exjugador, tiempo_como_jugador, tiempo_activo, sexo, estudios) values (60, 'Lyda', 'Jeays', 'Russia', '1975-01-20', 'NO', 'null', 13, 'MUJER', 'Graduado');
insert into ENTRENADOR (id_entrenador,  nombre, apellidos, pais, fecha_nacimiento, exjugador, tiempo_como_jugador, tiempo_activo, sexo, estudios) values (61, 'Geri', 'Glavin', 'Portugal', '1967-10-10', 'SI', 23, 11, 'HOMBRE', 'Master');
insert into ENTRENADOR (id_entrenador,  nombre, apellidos, pais, fecha_nacimiento, exjugador, tiempo_como_jugador, tiempo_activo, sexo, estudios) values (62, 'Aharon', 'Rackam', 'China', '1981-04-20', 'SI', 18, 16, 'MUJER', 'Doctorado');
insert into ENTRENADOR (id_entrenador,  nombre, apellidos, pais, fecha_nacimiento, exjugador, tiempo_como_jugador, tiempo_activo, sexo, estudios) values (63, 'Emmy', 'Bunning', 'Indonesia', '1967-12-02', 'NO', 'null', 5, 'MUJER', 'Educación obligatoria');
insert into ENTRENADOR (id_entrenador,  nombre, apellidos, pais, fecha_nacimiento, exjugador, tiempo_como_jugador, tiempo_activo, sexo, estudios) values (64, 'Norri', 'Shillitto', 'Macedonia', '1987-02-18', 'SI', 8, 19, 'MUJER', 'Doctorado');
insert into ENTRENADOR (id_entrenador,  nombre, apellidos, pais, fecha_nacimiento, exjugador, tiempo_como_jugador, tiempo_activo, sexo, estudios) values (65, 'Jonell', 'Danilovitch', 'Czech Republic', '1988-08-11', 'NO', 'null', 6, 'HOMBRE', 'Master');
insert into ENTRENADOR (id_entrenador,  nombre, apellidos, pais, fecha_nacimiento, exjugador, tiempo_como_jugador, tiempo_activo, sexo, estudios) values (66, 'Sherrie', 'Nestoruk', 'Belarus', '1973-01-28', 'SI', 2, 8, 'HOMBRE', 'Master');
insert into ENTRENADOR (id_entrenador,  nombre, apellidos, pais, fecha_nacimiento, exjugador, tiempo_como_jugador, tiempo_activo, sexo, estudios) values (67, 'Chantalle', 'Gowan', 'Indonesia', '1968-01-29', 'NO', 'null', 15, 'MUJER', 'Doctorado');
insert into ENTRENADOR (id_entrenador,  nombre, apellidos, pais, fecha_nacimiento, exjugador, tiempo_como_jugador, tiempo_activo, sexo, estudios) values (68, 'Eva', 'Harrad', 'Brazil', '1975-09-04', 'NO', 'null', 10, 'MUJER', 'Doctorado');
insert into ENTRENADOR (id_entrenador,  nombre, apellidos, pais, fecha_nacimiento, exjugador, tiempo_como_jugador, tiempo_activo, sexo, estudios) values (69, 'Glenden', 'Farncombe', 'Colombia', '1975-09-12', 'NO', 'null', 6, 'MUJER', 'Graduado');
insert into ENTRENADOR (id_entrenador,  nombre, apellidos, pais, fecha_nacimiento, exjugador, tiempo_como_jugador, tiempo_activo, sexo, estudios) values (70, 'Tracie', 'Tern', 'Peru', '1972-01-26', 'SI', 23, 10, 'HOMBRE', 'Doctorado');
insert into ENTRENADOR (id_entrenador,  nombre, apellidos, pais, fecha_nacimiento, exjugador, tiempo_como_jugador, tiempo_activo, sexo, estudios) values (71, 'Florina', 'Moran', 'China', '1978-02-14', 'NO', 'null', 16, 'HOMBRE', 'Educación obligatoria');
insert into ENTRENADOR (id_entrenador,  nombre, apellidos, pais, fecha_nacimiento, exjugador, tiempo_como_jugador, tiempo_activo, sexo, estudios) values (72, 'Antonius', 'Hammelberg', 'Japan', '1979-03-16', 'NO', 'null', 17, 'HOMBRE', 'Master');
insert into ENTRENADOR (id_entrenador,  nombre, apellidos, pais, fecha_nacimiento, exjugador, tiempo_como_jugador, tiempo_activo, sexo, estudios) values (73, 'Melisandra', 'Grooby', 'Armenia', '1990-10-05', 'SI', 10, 19, 'MUJER', 'Educación obligatoria');
insert into ENTRENADOR (id_entrenador,  nombre, apellidos, pais, fecha_nacimiento, exjugador, tiempo_como_jugador, tiempo_activo, sexo, estudios) values (74, 'Jarid', 'Weben', 'Poland', '1984-09-04', 'NO', 'null', 2, 'HOMBRE', 'Graduado');
insert into ENTRENADOR (id_entrenador,  nombre, apellidos, pais, fecha_nacimiento, exjugador, tiempo_como_jugador, tiempo_activo, sexo, estudios) values (75, 'Greer', 'Alejo', 'Philippines', '1981-03-02', 'SI', 5, 2, 'MUJER', 'Doctorado');
insert into ENTRENADOR (id_entrenador,  nombre, apellidos, pais, fecha_nacimiento, exjugador, tiempo_como_jugador, tiempo_activo, sexo, estudios) values (76, 'Eldon', 'McKendo', 'Peru', '1988-01-05', 'NO', 'null', 11, 'HOMBRE', 'Graduado');
insert into ENTRENADOR (id_entrenador,  nombre, apellidos, pais, fecha_nacimiento, exjugador, tiempo_como_jugador, tiempo_activo, sexo, estudios) values (77, 'Nicole', 'Pifford', 'Peru', '1991-03-19', 'NO', 'null', 16, 'HOMBRE', 'Master');
insert into ENTRENADOR (id_entrenador,  nombre, apellidos, pais, fecha_nacimiento, exjugador, tiempo_como_jugador, tiempo_activo, sexo, estudios) values (78, 'Eleanore', 'Freyn', 'Brazil', '1990-06-17', 'SI', 14, 15, 'HOMBRE', 'Graduado');
insert into ENTRENADOR (id_entrenador,  nombre, apellidos, pais, fecha_nacimiento, exjugador, tiempo_como_jugador, tiempo_activo, sexo, estudios) values (79, 'Traci', 'Meneux', 'China', '1977-03-30', 'SI', 15, 6, 'MUJER', 'Doctorado');
insert into ENTRENADOR (id_entrenador,  nombre, apellidos, pais, fecha_nacimiento, exjugador, tiempo_como_jugador, tiempo_activo, sexo, estudios) values (80, 'Cynde', 'Skamal', 'China', '1976-10-20', 'NO', 'null', 1, 'HOMBRE', 'Graduado');
insert into ENTRENADOR (id_entrenador,  nombre, apellidos, pais, fecha_nacimiento, exjugador, tiempo_como_jugador, tiempo_activo, sexo, estudios) values (81, 'Chicky', 'Gommery', 'Angola', '1987-07-11', 'SI', 18, 5, 'MUJER', 'Doctorado');
insert into ENTRENADOR (id_entrenador,  nombre, apellidos, pais, fecha_nacimiento, exjugador, tiempo_como_jugador, tiempo_activo, sexo, estudios) values (82, 'Marisa', 'Bowering', 'Indonesia', '1976-04-02', 'SI', 16, 13, 'HOMBRE', 'Master');
insert into ENTRENADOR (id_entrenador,  nombre, apellidos, pais, fecha_nacimiento, exjugador, tiempo_como_jugador, tiempo_activo, sexo, estudios) values (83, 'Sansone', 'Floyde', 'Poland', '1980-04-11', 'SI', 12, 11, 'HOMBRE', 'Master');
insert into ENTRENADOR (id_entrenador,  nombre, apellidos, pais, fecha_nacimiento, exjugador, tiempo_como_jugador, tiempo_activo, sexo, estudios) values (84, 'Emery', 'Featherstonhaugh', 'China', '1970-06-21', 'NO', 'null', 14, 'MUJER', 'Graduado');
insert into ENTRENADOR (id_entrenador,  nombre, apellidos, pais, fecha_nacimiento, exjugador, tiempo_como_jugador, tiempo_activo, sexo, estudios) values (85, 'Olly', 'Kuschke', 'Indonesia', '1991-08-08', 'SI', 16, 11, 'MUJER', 'Educación obligatoria');
insert into ENTRENADOR (id_entrenador,  nombre, apellidos, pais, fecha_nacimiento, exjugador, tiempo_como_jugador, tiempo_activo, sexo, estudios) values (86, 'Peter', 'Szymczyk', 'Poland', '1989-01-19', 'NO', 'null', 8, 'HOMBRE', 'Graduado');
insert into ENTRENADOR (id_entrenador,  nombre, apellidos, pais, fecha_nacimiento, exjugador, tiempo_como_jugador, tiempo_activo, sexo, estudios) values (87, 'Ashli', 'MacKean', 'Poland', '1989-09-11', 'SI', 14, 4, 'HOMBRE', 'Doctorado');
insert into ENTRENADOR (id_entrenador,  nombre, apellidos, pais, fecha_nacimiento, exjugador, tiempo_como_jugador, tiempo_activo, sexo, estudios) values (88, 'Randal', 'Pinnick', 'Indonesia', '1978-12-26', 'NO', 'null', 13, 'MUJER', 'Doctorado');
insert into ENTRENADOR (id_entrenador,  nombre, apellidos, pais, fecha_nacimiento, exjugador, tiempo_como_jugador, tiempo_activo, sexo, estudios) values (89, 'Flory', 'Kalinsky', 'Cyprus', '1981-07-18', 'NO', 'null', 17, 'HOMBRE', 'Educación obligatoria');
insert into ENTRENADOR (id_entrenador,  nombre, apellidos, pais, fecha_nacimiento, exjugador, tiempo_como_jugador, tiempo_activo, sexo, estudios) values (90, 'Bucky', 'Iredale', 'China', '1974-04-06', 'SI', 17, 16, 'HOMBRE', 'Graduado');
insert into ENTRENADOR (id_entrenador,  nombre, apellidos, pais, fecha_nacimiento, exjugador, tiempo_como_jugador, tiempo_activo, sexo, estudios) values (91, 'Gustie', 'Stirling', 'China', '1969-07-05', 'SI', 11, 4, 'HOMBRE', 'Doctorado');
insert into ENTRENADOR (id_entrenador,  nombre, apellidos, pais, fecha_nacimiento, exjugador, tiempo_como_jugador, tiempo_activo, sexo, estudios) values (92, 'Mallory', 'Goscomb', 'Japan', '1972-03-27', 'NO', 'null', 17, 'MUJER', 'Educación obligatoria');
insert into ENTRENADOR (id_entrenador,  nombre, apellidos, pais, fecha_nacimiento, exjugador, tiempo_como_jugador, tiempo_activo, sexo, estudios) values (93, 'Eddi', 'Tickel', 'Slovenia', '1977-11-01', 'SI', 9, 17, 'HOMBRE', 'Doctorado');
insert into ENTRENADOR (id_entrenador,  nombre, apellidos, pais, fecha_nacimiento, exjugador, tiempo_como_jugador, tiempo_activo, sexo, estudios) values (94, 'Elvira', 'Causley', 'France', '1968-03-04', 'NO', 'null', 9, 'HOMBRE', 'Graduado');
insert into ENTRENADOR (id_entrenador,  nombre, apellidos, pais, fecha_nacimiento, exjugador, tiempo_como_jugador, tiempo_activo, sexo, estudios) values (95, 'Sonia', 'Leavold', 'Cuba', '1971-10-09', 'SI', 16, 20, 'HOMBRE', 'Doctorado');
insert into ENTRENADOR (id_entrenador,  nombre, apellidos, pais, fecha_nacimiento, exjugador, tiempo_como_jugador, tiempo_activo, sexo, estudios) values (96, 'Rurik', 'Frazer', 'China', '1975-05-28', 'SI', 9, 1, 'MUJER', 'Graduado');
insert into ENTRENADOR (id_entrenador,  nombre, apellidos, pais, fecha_nacimiento, exjugador, tiempo_como_jugador, tiempo_activo, sexo, estudios) values (97, 'Chicky', 'Nuccitelli', 'China', '1983-06-11', 'SI', 13, 13, 'HOMBRE', 'Doctorado');
insert into ENTRENADOR (id_entrenador,  nombre, apellidos, pais, fecha_nacimiento, exjugador, tiempo_como_jugador, tiempo_activo, sexo, estudios) values (98, 'Winslow', 'Springle', 'Indonesia', '1983-09-09', 'NO', 'null', 2, 'MUJER', 'Graduado');
insert into ENTRENADOR (id_entrenador,  nombre, apellidos, pais, fecha_nacimiento, exjugador, tiempo_como_jugador, tiempo_activo, sexo, estudios) values (99, 'Sarah', 'Browett', 'South Africa', '1969-01-24', 'NO', 'null', 12, 'HOMBRE', 'Master');
insert into ENTRENADOR (id_entrenador,  nombre, apellidos, pais, fecha_nacimiento, exjugador, tiempo_como_jugador, tiempo_activo, sexo, estudios) values (100, 'Massimo', 'Lawerence', 'Russia', '1967-09-18', 'SI', 4, 2, 'HOMBRE', 'Graduado');

-- INSERTS DE FALTA
DELETE FROM FALTA;

insert into FALTA (TIPO, NUM_ATP, SET_PARTIDO, GANANDO_INFRACTOR, ID_PARTIDO, INCIDENCIAS) values ('Doble falta', 60, 2, true, 57, 6);
insert into FALTA (TIPO, NUM_ATP, SET_PARTIDO, GANANDO_INFRACTOR, ID_PARTIDO, INCIDENCIAS) values ('Falta de saque', 49, 3, true, 86, 7);
insert into FALTA (TIPO, NUM_ATP, SET_PARTIDO, GANANDO_INFRACTOR, ID_PARTIDO, INCIDENCIAS) values ('Doble falta', 61, 2, true, 44, 7);
insert into FALTA (TIPO, NUM_ATP, SET_PARTIDO, GANANDO_INFRACTOR, ID_PARTIDO, INCIDENCIAS) values ('Falta de pie', 27, 2, true, 14, 3);
insert into FALTA (TIPO, NUM_ATP, SET_PARTIDO, GANANDO_INFRACTOR, ID_PARTIDO, INCIDENCIAS) values ('Falta de saque', 5, 3, false, 83, 7);
insert into FALTA (TIPO, NUM_ATP, SET_PARTIDO, GANANDO_INFRACTOR, ID_PARTIDO, INCIDENCIAS) values ('Eliminatoria', 35, 3, false, 52, 6);
insert into FALTA (TIPO, NUM_ATP, SET_PARTIDO, GANANDO_INFRACTOR, ID_PARTIDO, INCIDENCIAS) values ('Falta de saque', 8, 3, false, 83, 4);
insert into FALTA (TIPO, NUM_ATP, SET_PARTIDO, GANANDO_INFRACTOR, ID_PARTIDO, INCIDENCIAS) values ('Falta de pie', 14, 2, true, 66, 9);
insert into FALTA (TIPO, NUM_ATP, SET_PARTIDO, GANANDO_INFRACTOR, ID_PARTIDO, INCIDENCIAS) values ('Falta de pie', 96, 2, false, 36, 3);
insert into FALTA (TIPO, NUM_ATP, SET_PARTIDO, GANANDO_INFRACTOR, ID_PARTIDO, INCIDENCIAS) values ('Falta de pie', 79, 1, false, 46, 1);
insert into FALTA (TIPO, NUM_ATP, SET_PARTIDO, GANANDO_INFRACTOR, ID_PARTIDO, INCIDENCIAS) values ('Falta de saque', 5, 2, true, 48, 9);
insert into FALTA (TIPO, NUM_ATP, SET_PARTIDO, GANANDO_INFRACTOR, ID_PARTIDO, INCIDENCIAS) values ('Falta de pie', 25, 1, false, 24, 7);
insert into FALTA (TIPO, NUM_ATP, SET_PARTIDO, GANANDO_INFRACTOR, ID_PARTIDO, INCIDENCIAS) values ('Eliminatoria', 83, 2, false, 78, 1);
insert into FALTA (TIPO, NUM_ATP, SET_PARTIDO, GANANDO_INFRACTOR, ID_PARTIDO, INCIDENCIAS) values ('Falta de saque', 96, 3, false, 85, 4);
insert into FALTA (TIPO, NUM_ATP, SET_PARTIDO, GANANDO_INFRACTOR, ID_PARTIDO, INCIDENCIAS) values ('Falta de pie', 24, 1, true, 96, 6);
insert into FALTA (TIPO, NUM_ATP, SET_PARTIDO, GANANDO_INFRACTOR, ID_PARTIDO, INCIDENCIAS) values ('Eliminatoria', 33, 3, false, 84, 5);
insert into FALTA (TIPO, NUM_ATP, SET_PARTIDO, GANANDO_INFRACTOR, ID_PARTIDO, INCIDENCIAS) values ('Doble falta', 63, 1, true, 68, 4);
insert into FALTA (TIPO, NUM_ATP, SET_PARTIDO, GANANDO_INFRACTOR, ID_PARTIDO, INCIDENCIAS) values ('Falta de pie', 36, 2, false, 42, 4);
insert into FALTA (TIPO, NUM_ATP, SET_PARTIDO, GANANDO_INFRACTOR, ID_PARTIDO, INCIDENCIAS) values ('Doble falta', 86, 2, false, 56, 5);
insert into FALTA (TIPO, NUM_ATP, SET_PARTIDO, GANANDO_INFRACTOR, ID_PARTIDO, INCIDENCIAS) values ('Falta de saque', 6, 1, true, 37, 9);
insert into FALTA (TIPO, NUM_ATP, SET_PARTIDO, GANANDO_INFRACTOR, ID_PARTIDO, INCIDENCIAS) values ('Falta de pie', 5, 2, false, 49, 1);
insert into FALTA (TIPO, NUM_ATP, SET_PARTIDO, GANANDO_INFRACTOR, ID_PARTIDO, INCIDENCIAS) values ('Falta de saque', 40, 2, true, 47, 2);
insert into FALTA (TIPO, NUM_ATP, SET_PARTIDO, GANANDO_INFRACTOR, ID_PARTIDO, INCIDENCIAS) values ('Falta de pie', 60, 1, true, 6, 9);
insert into FALTA (TIPO, NUM_ATP, SET_PARTIDO, GANANDO_INFRACTOR, ID_PARTIDO, INCIDENCIAS) values ('Falta de saque', 8, 1, false, 8, 8);
insert into FALTA (TIPO, NUM_ATP, SET_PARTIDO, GANANDO_INFRACTOR, ID_PARTIDO, INCIDENCIAS) values ('Doble falta', 75, 1, false, 19, 4);
insert into FALTA (TIPO, NUM_ATP, SET_PARTIDO, GANANDO_INFRACTOR, ID_PARTIDO, INCIDENCIAS) values ('Falta de pie', 38, 2, false, 49, 2);
insert into FALTA (TIPO, NUM_ATP, SET_PARTIDO, GANANDO_INFRACTOR, ID_PARTIDO, INCIDENCIAS) values ('Eliminatoria', 48, 1, true, 85, 9);
insert into FALTA (TIPO, NUM_ATP, SET_PARTIDO, GANANDO_INFRACTOR, ID_PARTIDO, INCIDENCIAS) values ('Falta de pie', 62, 2, false, 83, 3);
insert into FALTA (TIPO, NUM_ATP, SET_PARTIDO, GANANDO_INFRACTOR, ID_PARTIDO, INCIDENCIAS) values ('Eliminatoria', 82, 3, false, 20, 4);
insert into FALTA (TIPO, NUM_ATP, SET_PARTIDO, GANANDO_INFRACTOR, ID_PARTIDO, INCIDENCIAS) values ('Eliminatoria', 33, 1, true, 94, 3);
insert into FALTA (TIPO, NUM_ATP, SET_PARTIDO, GANANDO_INFRACTOR, ID_PARTIDO, INCIDENCIAS) values ('Doble falta', 63, 1, true, 7, 8);
insert into FALTA (TIPO, NUM_ATP, SET_PARTIDO, GANANDO_INFRACTOR, ID_PARTIDO, INCIDENCIAS) values ('Eliminatoria', 19, 3, false, 100, 7);
insert into FALTA (TIPO, NUM_ATP, SET_PARTIDO, GANANDO_INFRACTOR, ID_PARTIDO, INCIDENCIAS) values ('Falta de pie', 26, 2, true, 49, 3);
insert into FALTA (TIPO, NUM_ATP, SET_PARTIDO, GANANDO_INFRACTOR, ID_PARTIDO, INCIDENCIAS) values ('Falta de pie', 31, 3, true, 56, 7);
insert into FALTA (TIPO, NUM_ATP, SET_PARTIDO, GANANDO_INFRACTOR, ID_PARTIDO, INCIDENCIAS) values ('Doble falta', 34, 3, true, 29, 4);
insert into FALTA (TIPO, NUM_ATP, SET_PARTIDO, GANANDO_INFRACTOR, ID_PARTIDO, INCIDENCIAS) values ('Falta de saque', 68, 1, true, 72, 7);
insert into FALTA (TIPO, NUM_ATP, SET_PARTIDO, GANANDO_INFRACTOR, ID_PARTIDO, INCIDENCIAS) values ('Falta de saque', 31, 1, true, 66, 8);
insert into FALTA (TIPO, NUM_ATP, SET_PARTIDO, GANANDO_INFRACTOR, ID_PARTIDO, INCIDENCIAS) values ('Falta de pie', 57, 2, false, 74, 1);
insert into FALTA (TIPO, NUM_ATP, SET_PARTIDO, GANANDO_INFRACTOR, ID_PARTIDO, INCIDENCIAS) values ('Falta de saque', 1, 2, false, 54, 1);
insert into FALTA (TIPO, NUM_ATP, SET_PARTIDO, GANANDO_INFRACTOR, ID_PARTIDO, INCIDENCIAS) values ('Falta de saque', 20, 2, false, 3, 7);
insert into FALTA (TIPO, NUM_ATP, SET_PARTIDO, GANANDO_INFRACTOR, ID_PARTIDO, INCIDENCIAS) values ('Falta de saque', 49, 2, true, 90, 1);
insert into FALTA (TIPO, NUM_ATP, SET_PARTIDO, GANANDO_INFRACTOR, ID_PARTIDO, INCIDENCIAS) values ('Falta de saque', 41, 1, false, 50, 7);
insert into FALTA (TIPO, NUM_ATP, SET_PARTIDO, GANANDO_INFRACTOR, ID_PARTIDO, INCIDENCIAS) values ('Doble falta', 47, 3, true, 65, 4);
insert into FALTA (TIPO, NUM_ATP, SET_PARTIDO, GANANDO_INFRACTOR, ID_PARTIDO, INCIDENCIAS) values ('Doble falta', 4, 1, false, 94, 4);
insert into FALTA (TIPO, NUM_ATP, SET_PARTIDO, GANANDO_INFRACTOR, ID_PARTIDO, INCIDENCIAS) values ('Doble falta', 68, 1, true, 34, 8);
insert into FALTA (TIPO, NUM_ATP, SET_PARTIDO, GANANDO_INFRACTOR, ID_PARTIDO, INCIDENCIAS) values ('Doble falta', 2, 2, true, 92, 6);
insert into FALTA (TIPO, NUM_ATP, SET_PARTIDO, GANANDO_INFRACTOR, ID_PARTIDO, INCIDENCIAS) values ('Doble falta', 81, 1, false, 30, 2);
insert into FALTA (TIPO, NUM_ATP, SET_PARTIDO, GANANDO_INFRACTOR, ID_PARTIDO, INCIDENCIAS) values ('Doble falta', 91, 2, true, 1, 4);
insert into FALTA (TIPO, NUM_ATP, SET_PARTIDO, GANANDO_INFRACTOR, ID_PARTIDO, INCIDENCIAS) values ('Falta de saque', 17, 1, false, 9, 4);
insert into FALTA (TIPO, NUM_ATP, SET_PARTIDO, GANANDO_INFRACTOR, ID_PARTIDO, INCIDENCIAS) values ('Falta de pie', 1, 1, false, 50, 1);
insert into FALTA (TIPO, NUM_ATP, SET_PARTIDO, GANANDO_INFRACTOR, ID_PARTIDO, INCIDENCIAS) values ('Falta de saque', 6, 3, true, 39, 4);
insert into FALTA (TIPO, NUM_ATP, SET_PARTIDO, GANANDO_INFRACTOR, ID_PARTIDO, INCIDENCIAS) values ('Falta de pie', 67, 1, false, 66, 3);
insert into FALTA (TIPO, NUM_ATP, SET_PARTIDO, GANANDO_INFRACTOR, ID_PARTIDO, INCIDENCIAS) values ('Falta de saque', 20, 3, true, 96, 5);
insert into FALTA (TIPO, NUM_ATP, SET_PARTIDO, GANANDO_INFRACTOR, ID_PARTIDO, INCIDENCIAS) values ('Falta de pie', 87, 2, false, 35, 8);
insert into FALTA (TIPO, NUM_ATP, SET_PARTIDO, GANANDO_INFRACTOR, ID_PARTIDO, INCIDENCIAS) values ('Falta de saque', 1, 2, true, 37, 2);
insert into FALTA (TIPO, NUM_ATP, SET_PARTIDO, GANANDO_INFRACTOR, ID_PARTIDO, INCIDENCIAS) values ('Eliminatoria', 76, 1, false, 26, 5);
insert into FALTA (TIPO, NUM_ATP, SET_PARTIDO, GANANDO_INFRACTOR, ID_PARTIDO, INCIDENCIAS) values ('Eliminatoria', 59, 2, true, 98, 3);
insert into FALTA (TIPO, NUM_ATP, SET_PARTIDO, GANANDO_INFRACTOR, ID_PARTIDO, INCIDENCIAS) values ('Eliminatoria', 7, 3, true, 35, 4);
insert into FALTA (TIPO, NUM_ATP, SET_PARTIDO, GANANDO_INFRACTOR, ID_PARTIDO, INCIDENCIAS) values ('Falta de saque', 45, 3, true, 56, 5);
insert into FALTA (TIPO, NUM_ATP, SET_PARTIDO, GANANDO_INFRACTOR, ID_PARTIDO, INCIDENCIAS) values ('Falta de saque', 13, 1, true, 78, 8);
insert into FALTA (TIPO, NUM_ATP, SET_PARTIDO, GANANDO_INFRACTOR, ID_PARTIDO, INCIDENCIAS) values ('Eliminatoria', 74, 1, true, 24, 5);
insert into FALTA (TIPO, NUM_ATP, SET_PARTIDO, GANANDO_INFRACTOR, ID_PARTIDO, INCIDENCIAS) values ('Eliminatoria', 1, 2, true, 50, 8);
insert into FALTA (TIPO, NUM_ATP, SET_PARTIDO, GANANDO_INFRACTOR, ID_PARTIDO, INCIDENCIAS) values ('Falta de pie', 58, 3, true, 30, 8);
insert into FALTA (TIPO, NUM_ATP, SET_PARTIDO, GANANDO_INFRACTOR, ID_PARTIDO, INCIDENCIAS) values ('Eliminatoria', 41, 2, true, 87, 8);
insert into FALTA (TIPO, NUM_ATP, SET_PARTIDO, GANANDO_INFRACTOR, ID_PARTIDO, INCIDENCIAS) values ('Doble falta', 26, 1, false, 78, 3);
insert into FALTA (TIPO, NUM_ATP, SET_PARTIDO, GANANDO_INFRACTOR, ID_PARTIDO, INCIDENCIAS) values ('Falta de saque', 7, 3, false, 31, 3);
insert into FALTA (TIPO, NUM_ATP, SET_PARTIDO, GANANDO_INFRACTOR, ID_PARTIDO, INCIDENCIAS) values ('Falta de saque', 99, 3, false, 84, 9);
insert into FALTA (TIPO, NUM_ATP, SET_PARTIDO, GANANDO_INFRACTOR, ID_PARTIDO, INCIDENCIAS) values ('Falta de saque', 45, 1, true, 7, 1);
insert into FALTA (TIPO, NUM_ATP, SET_PARTIDO, GANANDO_INFRACTOR, ID_PARTIDO, INCIDENCIAS) values ('Doble falta', 77, 3, true, 91, 7);
insert into FALTA (TIPO, NUM_ATP, SET_PARTIDO, GANANDO_INFRACTOR, ID_PARTIDO, INCIDENCIAS) values ('Doble falta', 13, 2, false, 62, 2);
insert into FALTA (TIPO, NUM_ATP, SET_PARTIDO, GANANDO_INFRACTOR, ID_PARTIDO, INCIDENCIAS) values ('Falta de saque', 80, 3, true, 39, 3);
insert into FALTA (TIPO, NUM_ATP, SET_PARTIDO, GANANDO_INFRACTOR, ID_PARTIDO, INCIDENCIAS) values ('Falta de pie', 80, 2, false, 23, 2);
insert into FALTA (TIPO, NUM_ATP, SET_PARTIDO, GANANDO_INFRACTOR, ID_PARTIDO, INCIDENCIAS) values ('Eliminatoria', 16, 1, true, 17, 1);
insert into FALTA (TIPO, NUM_ATP, SET_PARTIDO, GANANDO_INFRACTOR, ID_PARTIDO, INCIDENCIAS) values ('Falta de saque', 11, 2, true, 6, 3);
insert into FALTA (TIPO, NUM_ATP, SET_PARTIDO, GANANDO_INFRACTOR, ID_PARTIDO, INCIDENCIAS) values ('Falta de saque', 23, 2, true, 33, 4);
insert into FALTA (TIPO, NUM_ATP, SET_PARTIDO, GANANDO_INFRACTOR, ID_PARTIDO, INCIDENCIAS) values ('Doble falta', 30, 2, true, 97, 4);
insert into FALTA (TIPO, NUM_ATP, SET_PARTIDO, GANANDO_INFRACTOR, ID_PARTIDO, INCIDENCIAS) values ('Falta de saque', 63, 2, false, 61, 7);
insert into FALTA (TIPO, NUM_ATP, SET_PARTIDO, GANANDO_INFRACTOR, ID_PARTIDO, INCIDENCIAS) values ('Falta de pie', 50, 1, false, 77, 8);
insert into FALTA (TIPO, NUM_ATP, SET_PARTIDO, GANANDO_INFRACTOR, ID_PARTIDO, INCIDENCIAS) values ('Falta de saque', 39, 3, true, 31, 3);
insert into FALTA (TIPO, NUM_ATP, SET_PARTIDO, GANANDO_INFRACTOR, ID_PARTIDO, INCIDENCIAS) values ('Falta de saque', 35, 1, true, 97, 3);
insert into FALTA (TIPO, NUM_ATP, SET_PARTIDO, GANANDO_INFRACTOR, ID_PARTIDO, INCIDENCIAS) values ('Falta de pie', 37, 3, true, 31, 9);
insert into FALTA (TIPO, NUM_ATP, SET_PARTIDO, GANANDO_INFRACTOR, ID_PARTIDO, INCIDENCIAS) values ('Doble falta', 21, 1, true, 21, 3);
insert into FALTA (TIPO, NUM_ATP, SET_PARTIDO, GANANDO_INFRACTOR, ID_PARTIDO, INCIDENCIAS) values ('Falta de saque', 80, 1, false, 25, 7);
insert into FALTA (TIPO, NUM_ATP, SET_PARTIDO, GANANDO_INFRACTOR, ID_PARTIDO, INCIDENCIAS) values ('Falta de pie', 25, 3, true, 66, 6);
insert into FALTA (TIPO, NUM_ATP, SET_PARTIDO, GANANDO_INFRACTOR, ID_PARTIDO, INCIDENCIAS) values ('Doble falta', 10, 1, true, 57, 4);
insert into FALTA (TIPO, NUM_ATP, SET_PARTIDO, GANANDO_INFRACTOR, ID_PARTIDO, INCIDENCIAS) values ('Falta de pie', 58, 3, true, 19, 9);
insert into FALTA (TIPO, NUM_ATP, SET_PARTIDO, GANANDO_INFRACTOR, ID_PARTIDO, INCIDENCIAS) values ('Doble falta', 10, 1, false, 6, 3);
insert into FALTA (TIPO, NUM_ATP, SET_PARTIDO, GANANDO_INFRACTOR, ID_PARTIDO, INCIDENCIAS) values ('Doble falta', 84, 2, false, 42, 2);
insert into FALTA (TIPO, NUM_ATP, SET_PARTIDO, GANANDO_INFRACTOR, ID_PARTIDO, INCIDENCIAS) values ('Doble falta', 89, 3, true, 40, 6);
insert into FALTA (TIPO, NUM_ATP, SET_PARTIDO, GANANDO_INFRACTOR, ID_PARTIDO, INCIDENCIAS) values ('Falta de saque', 61, 2, false, 12, 6);
insert into FALTA (TIPO, NUM_ATP, SET_PARTIDO, GANANDO_INFRACTOR, ID_PARTIDO, INCIDENCIAS) values ('Falta de saque', 64, 1, false, 8, 7);
insert into FALTA (TIPO, NUM_ATP, SET_PARTIDO, GANANDO_INFRACTOR, ID_PARTIDO, INCIDENCIAS) values ('Falta de pie', 8, 1, false, 53, 4);
insert into FALTA (TIPO, NUM_ATP, SET_PARTIDO, GANANDO_INFRACTOR, ID_PARTIDO, INCIDENCIAS) values ('Falta de pie', 71, 3, false, 25, 7);
insert into FALTA (TIPO, NUM_ATP, SET_PARTIDO, GANANDO_INFRACTOR, ID_PARTIDO, INCIDENCIAS) values ('Doble falta', 48, 1, true, 63, 8);
insert into FALTA (TIPO, NUM_ATP, SET_PARTIDO, GANANDO_INFRACTOR, ID_PARTIDO, INCIDENCIAS) values ('Falta de saque', 100, 2, false, 77, 7);
insert into FALTA (TIPO, NUM_ATP, SET_PARTIDO, GANANDO_INFRACTOR, ID_PARTIDO, INCIDENCIAS) values ('Falta de pie', 31, 2, false, 9, 5);
insert into FALTA (TIPO, NUM_ATP, SET_PARTIDO, GANANDO_INFRACTOR, ID_PARTIDO, INCIDENCIAS) values ('Falta de pie', 67, 1, true, 41, 3);
insert into FALTA (TIPO, NUM_ATP, SET_PARTIDO, GANANDO_INFRACTOR, ID_PARTIDO, INCIDENCIAS) values ('Doble falta', 85, 1, true, 7, 1);
insert into FALTA (TIPO, NUM_ATP, SET_PARTIDO, GANANDO_INFRACTOR, ID_PARTIDO, INCIDENCIAS) values ('Eliminatoria', 65, 3, true, 10, 8);
insert into FALTA (TIPO, NUM_ATP, SET_PARTIDO, GANANDO_INFRACTOR, ID_PARTIDO, INCIDENCIAS) values ('Eliminatoria', 12, 3, true, 15, 4);

-- INSERTS DE PARTIDO
DELETE FROM PARTIDO;

insert into PARTIDO (ID_PARTIDO, TENISTA1, TENISTA2, GANADOR, CLIMA, ASISTENTES, HORA_PARTIDO, FECHA_PARTIDO,  ID_TORNEO, ID_PISTA) values (1, 47, 68, 47, 'Despejado', 2287, '12:26', '2019-03-25',  21, 30);
insert into PARTIDO (ID_PARTIDO, TENISTA1, TENISTA2, GANADOR, CLIMA, ASISTENTES, HORA_PARTIDO, FECHA_PARTIDO,  ID_TORNEO, ID_PISTA) values (2, 77, 41, 41, 'Nublado', 2571, '17:35', '2019-03-01',  18, 47);
insert into PARTIDO (ID_PARTIDO, TENISTA1, TENISTA2, GANADOR, CLIMA, ASISTENTES, HORA_PARTIDO, FECHA_PARTIDO,  ID_TORNEO, ID_PISTA) values (3, 31, 72, 31, 'Despejado', 3500, '14:56', '2017-11-09',  61, 10);
insert into PARTIDO (ID_PARTIDO, TENISTA1, TENISTA2, GANADOR, CLIMA, ASISTENTES, HORA_PARTIDO, FECHA_PARTIDO,  ID_TORNEO, ID_PISTA) values (4, 88, 24, 88, 'Nublado', 1089, '15:32', '2018-07-28',  55, 14);
insert into PARTIDO (ID_PARTIDO, TENISTA1, TENISTA2, GANADOR, CLIMA, ASISTENTES, HORA_PARTIDO, FECHA_PARTIDO,  ID_TORNEO, ID_PISTA) values (5, 19, 48, 19, 'Nublado', 1231, '17:24', '2018-03-26',  76, 59);
insert into PARTIDO (ID_PARTIDO, TENISTA1, TENISTA2, GANADOR, CLIMA, ASISTENTES, HORA_PARTIDO, FECHA_PARTIDO,  ID_TORNEO, ID_PISTA) values (6, 7, 10, 7, 'Nublado', 1588, '17:15', '2018-05-21',  75, 1);
insert into PARTIDO (ID_PARTIDO, TENISTA1, TENISTA2, GANADOR, CLIMA, ASISTENTES, HORA_PARTIDO, FECHA_PARTIDO,  ID_TORNEO, ID_PISTA) values (7, 9, 59, 59, 'Nublado', 2970, '10:03', '2018-05-31',  71, 72);
insert into PARTIDO (ID_PARTIDO, TENISTA1, TENISTA2, GANADOR, CLIMA, ASISTENTES, HORA_PARTIDO, FECHA_PARTIDO,  ID_TORNEO, ID_PISTA) values (8, 75, 30, 75, 'Lluvioso', 704, '9:14', '2019-12-06',  34, 29);
insert into PARTIDO (ID_PARTIDO, TENISTA1, TENISTA2, GANADOR, CLIMA, ASISTENTES, HORA_PARTIDO, FECHA_PARTIDO,  ID_TORNEO, ID_PISTA) values (9, 21, 33, 21, 'Nublado', 4696, '16:40', '2017-02-28',  50, 54);
insert into PARTIDO (ID_PARTIDO, TENISTA1, TENISTA2, GANADOR, CLIMA, ASISTENTES, HORA_PARTIDO, FECHA_PARTIDO,  ID_TORNEO, ID_PISTA) values (10, 19, 61, 19, 'Soleado', 1066, '9:09', '2017-02-11',  6, 6);
insert into PARTIDO (ID_PARTIDO, TENISTA1, TENISTA2, GANADOR, CLIMA, ASISTENTES, HORA_PARTIDO, FECHA_PARTIDO,  ID_TORNEO, ID_PISTA) values (11, 55, 17, 17, 'Nublado', 4552, '15:52', '2019-12-01',  52, 88);
insert into PARTIDO (ID_PARTIDO, TENISTA1, TENISTA2, GANADOR, CLIMA, ASISTENTES, HORA_PARTIDO, FECHA_PARTIDO,  ID_TORNEO, ID_PISTA) values (12, 37, 69, 69, 'Soleado', 3863, '18:14', '2017-09-07',  20, 88);
insert into PARTIDO (ID_PARTIDO, TENISTA1, TENISTA2, GANADOR, CLIMA, ASISTENTES, HORA_PARTIDO, FECHA_PARTIDO,  ID_TORNEO, ID_PISTA) values (13, 36, 26, 26, 'Nublado', 4756, '19:26', '2019-08-07',  5, 85);
insert into PARTIDO (ID_PARTIDO, TENISTA1, TENISTA2, GANADOR, CLIMA, ASISTENTES, HORA_PARTIDO, FECHA_PARTIDO,  ID_TORNEO, ID_PISTA) values (14, 88, 7, 88, 'Despejado', 4302, '11:59', '2019-04-13',  45, 20);
insert into PARTIDO (ID_PARTIDO, TENISTA1, TENISTA2, GANADOR, CLIMA, ASISTENTES, HORA_PARTIDO, FECHA_PARTIDO,  ID_TORNEO, ID_PISTA) values (15, 55, 71, 55, 'Despejado', 4502, '10:38', '2019-06-12',  7, 38);
insert into PARTIDO (ID_PARTIDO, TENISTA1, TENISTA2, GANADOR, CLIMA, ASISTENTES, HORA_PARTIDO, FECHA_PARTIDO,  ID_TORNEO, ID_PISTA) values (16, 66, 14, 14, 'Nublado', 4010, '9:14', '2019-04-02',  65, 33);
insert into PARTIDO (ID_PARTIDO, TENISTA1, TENISTA2, GANADOR, CLIMA, ASISTENTES, HORA_PARTIDO, FECHA_PARTIDO,  ID_TORNEO, ID_PISTA) values (17, 46, 36, 36, 'Despejado', 2690, '18:47', '2018-12-23',  77, 91);
insert into PARTIDO (ID_PARTIDO, TENISTA1, TENISTA2, GANADOR, CLIMA, ASISTENTES, HORA_PARTIDO, FECHA_PARTIDO,  ID_TORNEO, ID_PISTA) values (18, 65, 20, 20, 'Lluvioso', 3725, '9:04', '2019-05-11',  15, 69);
insert into PARTIDO (ID_PARTIDO, TENISTA1, TENISTA2, GANADOR, CLIMA, ASISTENTES, HORA_PARTIDO, FECHA_PARTIDO,  ID_TORNEO, ID_PISTA) values (19, 50, 35, 50, 'Soleado', 3392, '17:43', '2017-03-01',  45, 81);
insert into PARTIDO (ID_PARTIDO, TENISTA1, TENISTA2, GANADOR, CLIMA, ASISTENTES, HORA_PARTIDO, FECHA_PARTIDO,  ID_TORNEO, ID_PISTA) values (20, 78, 23, 78, 'Soleado', 3092, '11:58', '2017-01-13',  22, 99);
insert into PARTIDO (ID_PARTIDO, TENISTA1, TENISTA2, GANADOR, CLIMA, ASISTENTES, HORA_PARTIDO, FECHA_PARTIDO,  ID_TORNEO, ID_PISTA) values (21, 67, 2, 2, 'Despejado', 1037, '11:04', '2019-02-02',  83, 2);
insert into PARTIDO (ID_PARTIDO, TENISTA1, TENISTA2, GANADOR, CLIMA, ASISTENTES, HORA_PARTIDO, FECHA_PARTIDO,  ID_TORNEO, ID_PISTA) values (22, 36, 96, 36, 'Lluvioso', 3816, '11:27', '2019-02-24',  19, 71);
insert into PARTIDO (ID_PARTIDO, TENISTA1, TENISTA2, GANADOR, CLIMA, ASISTENTES, HORA_PARTIDO, FECHA_PARTIDO,  ID_TORNEO, ID_PISTA) values (23, 71, 23, 23, 'Lluvioso', 1746, '14:44', '2018-02-13', 80, 69);
insert into PARTIDO (ID_PARTIDO, TENISTA1, TENISTA2, GANADOR, CLIMA, ASISTENTES, HORA_PARTIDO, FECHA_PARTIDO,  ID_TORNEO, ID_PISTA) values (24, 82, 75, 75, 'Despejado', 2763, '14:39', '2018-02-17',  63, 56);
insert into PARTIDO (ID_PARTIDO, TENISTA1, TENISTA2, GANADOR, CLIMA, ASISTENTES, HORA_PARTIDO, FECHA_PARTIDO,  ID_TORNEO, ID_PISTA) values (25, 74, 91, 74, 'Despejado', 4743, '9:52', '2017-06-02',  17, 36);
insert into PARTIDO (ID_PARTIDO, TENISTA1, TENISTA2, GANADOR, CLIMA, ASISTENTES, HORA_PARTIDO, FECHA_PARTIDO,  ID_TORNEO, ID_PISTA) values (26, 96, 32, 32, 'Nublado', 2396, '15:26', '2018-10-01',  29, 59);
insert into PARTIDO (ID_PARTIDO, TENISTA1, TENISTA2, GANADOR, CLIMA, ASISTENTES, HORA_PARTIDO, FECHA_PARTIDO,  ID_TORNEO, ID_PISTA) values (27, 9, 86, 9, 'Soleado', 994, '12:23', '2018-10-14',  45, 23);
insert into PARTIDO (ID_PARTIDO, TENISTA1, TENISTA2, GANADOR, CLIMA, ASISTENTES, HORA_PARTIDO, FECHA_PARTIDO,  ID_TORNEO, ID_PISTA) values (28, 47, 87, 47, 'Despejado', 626, '14:25', '2018-11-26',  99, 84);
insert into PARTIDO (ID_PARTIDO, TENISTA1, TENISTA2, GANADOR, CLIMA, ASISTENTES, HORA_PARTIDO, FECHA_PARTIDO,  ID_TORNEO, ID_PISTA) values (29, 9, 91, 91, 'Lluvioso', 4000, '9:26', '2017-05-20',  19, 14);
insert into PARTIDO (ID_PARTIDO, TENISTA1, TENISTA2, GANADOR, CLIMA, ASISTENTES, HORA_PARTIDO, FECHA_PARTIDO,  ID_TORNEO, ID_PISTA) values (30, 44, 41, 44, 'Soleado', 2614, '20:41', '2017-05-23',  51, 98);
insert into PARTIDO (ID_PARTIDO, TENISTA1, TENISTA2, GANADOR, CLIMA, ASISTENTES, HORA_PARTIDO, FECHA_PARTIDO,  ID_TORNEO, ID_PISTA) values (31, 71, 34, 34, 'Lluvioso', 3742, '10:51', '2018-06-01',  92, 74);
insert into PARTIDO (ID_PARTIDO, TENISTA1, TENISTA2, GANADOR, CLIMA, ASISTENTES, HORA_PARTIDO, FECHA_PARTIDO,  ID_TORNEO, ID_PISTA) values (32, 42, 63, 42, 'Despejado', 4799, '10:10', '2018-01-22',  67, 18);
insert into PARTIDO (ID_PARTIDO, TENISTA1, TENISTA2, GANADOR, CLIMA, ASISTENTES, HORA_PARTIDO, FECHA_PARTIDO,  ID_TORNEO, ID_PISTA) values (33, 10, 51, 10, 'Soleado', 4595, '10:07', '2018-10-05',  73, 73);
insert into PARTIDO (ID_PARTIDO, TENISTA1, TENISTA2, GANADOR, CLIMA, ASISTENTES, HORA_PARTIDO, FECHA_PARTIDO,  ID_TORNEO, ID_PISTA) values (34, 73, 49, 49, 'Lluvioso', 4323, '10:33', '2018-10-01', 51, 9);
insert into PARTIDO (ID_PARTIDO, TENISTA1, TENISTA2, GANADOR, CLIMA, ASISTENTES, HORA_PARTIDO, FECHA_PARTIDO,  ID_TORNEO, ID_PISTA) values (35, 94, 25, 94, 'Nublado', 3771, '12:36', '2018-10-08', 81, 75);
insert into PARTIDO (ID_PARTIDO, TENISTA1, TENISTA2, GANADOR, CLIMA, ASISTENTES, HORA_PARTIDO, FECHA_PARTIDO,  ID_TORNEO, ID_PISTA) values (36, 19, 55, 55, 'Lluvioso', 4402, '11:26', '2017-09-07', 44, 62);
insert into PARTIDO (ID_PARTIDO, TENISTA1, TENISTA2, GANADOR, CLIMA, ASISTENTES, HORA_PARTIDO, FECHA_PARTIDO,  ID_TORNEO, ID_PISTA) values (37, 46, 87, 87, 'Soleado', 2456, '18:53', '2018-01-24',  33, 12);
insert into PARTIDO (ID_PARTIDO, TENISTA1, TENISTA2, GANADOR, CLIMA, ASISTENTES, HORA_PARTIDO, FECHA_PARTIDO,  ID_TORNEO, ID_PISTA) values (38, 74, 82, 82, 'Soleado', 3961, '12:53', '2018-09-05', 64, 52);
insert into PARTIDO (ID_PARTIDO, TENISTA1, TENISTA2, GANADOR, CLIMA, ASISTENTES, HORA_PARTIDO, FECHA_PARTIDO,  ID_TORNEO, ID_PISTA) values (39, 45, 85, 85, 'Soleado', 1691, '11:37', '2019-02-14',  66, 58);
insert into PARTIDO (ID_PARTIDO, TENISTA1, TENISTA2, GANADOR, CLIMA, ASISTENTES, HORA_PARTIDO, FECHA_PARTIDO,  ID_TORNEO, ID_PISTA) values (40, 87, 30, 87, 'Soleado', 3423, '16:00', '2018-06-24',  85, 5);
insert into PARTIDO (ID_PARTIDO, TENISTA1, TENISTA2, GANADOR, CLIMA, ASISTENTES, HORA_PARTIDO, FECHA_PARTIDO,  ID_TORNEO, ID_PISTA) values (41, 44, 13, 13, 'Despejado', 1794, '12:29', '2017-11-01',  95, 91);
insert into PARTIDO (ID_PARTIDO, TENISTA1, TENISTA2, GANADOR, CLIMA, ASISTENTES, HORA_PARTIDO, FECHA_PARTIDO,  ID_TORNEO, ID_PISTA) values (42, 32, 95, 32, 'Despejado', 1520, '17:09', '2017-02-27',  11, 68);
insert into PARTIDO (ID_PARTIDO, TENISTA1, TENISTA2, GANADOR, CLIMA, ASISTENTES, HORA_PARTIDO, FECHA_PARTIDO,  ID_TORNEO, ID_PISTA) values (43, 88, 49, 88, 'Nublado', 1428, '13:43', '2019-12-09',  30, 4);
insert into PARTIDO (ID_PARTIDO, TENISTA1, TENISTA2, GANADOR, CLIMA, ASISTENTES, HORA_PARTIDO, FECHA_PARTIDO,  ID_TORNEO, ID_PISTA) values (44, 83, 83, 83, 'Lluvioso', 4492, '20:20', '2018-07-09',  79, 83);
insert into PARTIDO (ID_PARTIDO, TENISTA1, TENISTA2, GANADOR, CLIMA, ASISTENTES, HORA_PARTIDO, FECHA_PARTIDO,  ID_TORNEO, ID_PISTA) values (45, 35, 83, 35, 'Despejado', 868, '16:47', '2019-04-06',  20, 1);
insert into PARTIDO (ID_PARTIDO, TENISTA1, TENISTA2, GANADOR, CLIMA, ASISTENTES, HORA_PARTIDO, FECHA_PARTIDO,  ID_TORNEO, ID_PISTA) values (46, 51, 63, 51, 'Soleado', 2667, '12:06', '2018-09-24',  22, 90);
insert into PARTIDO (ID_PARTIDO, TENISTA1, TENISTA2, GANADOR, CLIMA, ASISTENTES, HORA_PARTIDO, FECHA_PARTIDO,  ID_TORNEO, ID_PISTA) values (47, 31, 90, 31, 'Lluvioso', 4689, '20:53', '2017-07-30',  13, 90);
insert into PARTIDO (ID_PARTIDO, TENISTA1, TENISTA2, GANADOR, CLIMA, ASISTENTES, HORA_PARTIDO, FECHA_PARTIDO,  ID_TORNEO, ID_PISTA) values (48, 17, 93, 93, 'Soleado', 4633, '13:00', '2018-01-04',  67, 81);
insert into PARTIDO (ID_PARTIDO, TENISTA1, TENISTA2, GANADOR, CLIMA, ASISTENTES, HORA_PARTIDO, FECHA_PARTIDO,  ID_TORNEO, ID_PISTA) values (49, 48, 63, 48, 'Despejado', 4650, '16:05', '2018-01-25',  32, 59);
insert into PARTIDO (ID_PARTIDO, TENISTA1, TENISTA2, GANADOR, CLIMA, ASISTENTES, HORA_PARTIDO, FECHA_PARTIDO,  ID_TORNEO, ID_PISTA) values (50, 54, 42, 54, 'Nublado', 3220, '18:13', '2017-01-28',  70, 30);
insert into PARTIDO (ID_PARTIDO, TENISTA1, TENISTA2, GANADOR, CLIMA, ASISTENTES, HORA_PARTIDO, FECHA_PARTIDO,  ID_TORNEO, ID_PISTA) values (51, 94, 39, 94, 'Soleado', 4882, '13:10', '2018-06-29',  95, 19);
insert into PARTIDO (ID_PARTIDO, TENISTA1, TENISTA2, GANADOR, CLIMA, ASISTENTES, HORA_PARTIDO, FECHA_PARTIDO,  ID_TORNEO, ID_PISTA) values (52, 43, 91, 43, 'Lluvioso', 2935, '18:52', '2018-04-26', 70, 89);
insert into PARTIDO (ID_PARTIDO, TENISTA1, TENISTA2, GANADOR, CLIMA, ASISTENTES, HORA_PARTIDO, FECHA_PARTIDO,  ID_TORNEO, ID_PISTA) values (53, 82, 74, 74, 'Lluvioso', 503, '19:29', '2017-03-09',  96, 30);
insert into PARTIDO (ID_PARTIDO, TENISTA1, TENISTA2, GANADOR, CLIMA, ASISTENTES, HORA_PARTIDO, FECHA_PARTIDO,  ID_TORNEO, ID_PISTA) values (54, 54, 2, 54, 'Lluvioso', 2876, '10:44', '2017-08-10',  11, 45);
insert into PARTIDO (ID_PARTIDO, TENISTA1, TENISTA2, GANADOR, CLIMA, ASISTENTES, HORA_PARTIDO, FECHA_PARTIDO,  ID_TORNEO, ID_PISTA) values (55, 80, 91, 91, 'Lluvioso', 3707, '11:28', '2017-01-20', 59, 29);
insert into PARTIDO (ID_PARTIDO, TENISTA1, TENISTA2, GANADOR, CLIMA, ASISTENTES, HORA_PARTIDO, FECHA_PARTIDO,  ID_TORNEO, ID_PISTA) values (56, 83, 26, 83, 'Nublado', 2124, '12:50', '2017-04-04',  10, 58);
insert into PARTIDO (ID_PARTIDO, TENISTA1, TENISTA2, GANADOR, CLIMA, ASISTENTES, HORA_PARTIDO, FECHA_PARTIDO,  ID_TORNEO, ID_PISTA) values (57, 94, 18, 94, 'Soleado', 2282, '16:30', '2019-03-01',  44, 6);
insert into PARTIDO (ID_PARTIDO, TENISTA1, TENISTA2, GANADOR, CLIMA, ASISTENTES, HORA_PARTIDO, FECHA_PARTIDO,  ID_TORNEO, ID_PISTA) values (58, 18, 25, 25, 'Despejado', 4824, '18:43', '2019-09-19', 83, 7);
insert into PARTIDO (ID_PARTIDO, TENISTA1, TENISTA2, GANADOR, CLIMA, ASISTENTES, HORA_PARTIDO, FECHA_PARTIDO,  ID_TORNEO, ID_PISTA) values (59, 48, 74, 48, 'Lluvioso', 4203, '12:50', '2017-03-31',  67, 22);
insert into PARTIDO (ID_PARTIDO, TENISTA1, TENISTA2, GANADOR, CLIMA, ASISTENTES, HORA_PARTIDO, FECHA_PARTIDO,  ID_TORNEO, ID_PISTA) values (60, 16, 53, 16, 'Soleado', 3531, '12:52', '2019-01-19',  81, 64);
insert into PARTIDO (ID_PARTIDO, TENISTA1, TENISTA2, GANADOR, CLIMA, ASISTENTES, HORA_PARTIDO, FECHA_PARTIDO,  ID_TORNEO, ID_PISTA) values (61, 53, 24, 24, 'Lluvioso', 3612, '12:55', '2017-03-28', 18, 69);
insert into PARTIDO (ID_PARTIDO, TENISTA1, TENISTA2, GANADOR, CLIMA, ASISTENTES, HORA_PARTIDO, FECHA_PARTIDO,  ID_TORNEO, ID_PISTA) values (62, 49, 58, 49, 'Lluvioso', 3627, '12:33', '2019-10-10', 66, 10);
insert into PARTIDO (ID_PARTIDO, TENISTA1, TENISTA2, GANADOR, CLIMA, ASISTENTES, HORA_PARTIDO, FECHA_PARTIDO,  ID_TORNEO, ID_PISTA) values (63, 27, 5, 27, 'Despejado', 2072, '13:25', '2017-05-18', 92, 13);
insert into PARTIDO (ID_PARTIDO, TENISTA1, TENISTA2, GANADOR, CLIMA, ASISTENTES, HORA_PARTIDO, FECHA_PARTIDO,  ID_TORNEO, ID_PISTA) values (64, 15, 42, 42, 'Soleado', 989, '19:09', '2018-02-26',  26, 54);
insert into PARTIDO (ID_PARTIDO, TENISTA1, TENISTA2, GANADOR, CLIMA, ASISTENTES, HORA_PARTIDO, FECHA_PARTIDO,  ID_TORNEO, ID_PISTA) values (65, 45, 19, 19, 'Nublado', 4688, '15:52', '2018-04-06', 63, 86);
insert into PARTIDO (ID_PARTIDO, TENISTA1, TENISTA2, GANADOR, CLIMA, ASISTENTES, HORA_PARTIDO, FECHA_PARTIDO,  ID_TORNEO, ID_PISTA) values (66, 53, 43, 53, 'Despejado', 878, '15:25', '2019-05-03', 22, 35);
insert into PARTIDO (ID_PARTIDO, TENISTA1, TENISTA2, GANADOR, CLIMA, ASISTENTES, HORA_PARTIDO, FECHA_PARTIDO,  ID_TORNEO, ID_PISTA) values (67, 82, 41, 82, 'Lluvioso', 1362, '17:54', '2019-07-02', 54, 78);
insert into PARTIDO (ID_PARTIDO, TENISTA1, TENISTA2, GANADOR, CLIMA, ASISTENTES, HORA_PARTIDO, FECHA_PARTIDO,  ID_TORNEO, ID_PISTA) values (68, 60, 30, 30, 'Despejado', 768, '19:00', '2017-01-03', 63, 57);
insert into PARTIDO (ID_PARTIDO, TENISTA1, TENISTA2, GANADOR, CLIMA, ASISTENTES, HORA_PARTIDO, FECHA_PARTIDO,  ID_TORNEO, ID_PISTA) values (69, 16, 93, 93, 'Nublado', 1677, '20:34', '2017-08-25',  23, 45);
insert into PARTIDO (ID_PARTIDO, TENISTA1, TENISTA2, GANADOR, CLIMA, ASISTENTES, HORA_PARTIDO, FECHA_PARTIDO,  ID_TORNEO, ID_PISTA) values (70, 56, 26, 26, 'Lluvioso', 4071, '13:52', '2019-04-12', 14, 67);
insert into PARTIDO (ID_PARTIDO, TENISTA1, TENISTA2, GANADOR, CLIMA, ASISTENTES, HORA_PARTIDO, FECHA_PARTIDO,  ID_TORNEO, ID_PISTA) values (71, 58, 79, 58, 'Lluvioso', 4794, '20:56', '2019-10-28', 16, 70);
insert into PARTIDO (ID_PARTIDO, TENISTA1, TENISTA2, GANADOR, CLIMA, ASISTENTES, HORA_PARTIDO, FECHA_PARTIDO,  ID_TORNEO, ID_PISTA) values (72, 78, 28, 78, 'Nublado', 755, '16:29', '2017-06-04',  30, 58);
insert into PARTIDO (ID_PARTIDO, TENISTA1, TENISTA2, GANADOR, CLIMA, ASISTENTES, HORA_PARTIDO, FECHA_PARTIDO,  ID_TORNEO, ID_PISTA) values (73, 34, 43, 43, 'Nublado', 4180, '18:10', '2018-05-20', 49, 22);
insert into PARTIDO (ID_PARTIDO, TENISTA1, TENISTA2, GANADOR, CLIMA, ASISTENTES, HORA_PARTIDO, FECHA_PARTIDO,  ID_TORNEO, ID_PISTA) values (74, 31, 2, 2, 'Soleado', 873, '18:53', '2017-11-07',  91, 76);
insert into PARTIDO (ID_PARTIDO, TENISTA1, TENISTA2, GANADOR, CLIMA, ASISTENTES, HORA_PARTIDO, FECHA_PARTIDO,  ID_TORNEO, ID_PISTA) values (75, 25, 59, 59, 'Lluvioso', 4043, '10:28', '2018-08-29',  5, 84);
insert into PARTIDO (ID_PARTIDO, TENISTA1, TENISTA2, GANADOR, CLIMA, ASISTENTES, HORA_PARTIDO, FECHA_PARTIDO,  ID_TORNEO, ID_PISTA) values (76, 68, 30, 68, 'Soleado', 3701, '16:22', '2018-11-25',  31, 51);
insert into PARTIDO (ID_PARTIDO, TENISTA1, TENISTA2, GANADOR, CLIMA, ASISTENTES, HORA_PARTIDO, FECHA_PARTIDO,  ID_TORNEO, ID_PISTA) values (77, 97, 71, 71, 'Nublado', 1461, '18:14', '2019-07-12', 63, 19);
insert into PARTIDO (ID_PARTIDO, TENISTA1, TENISTA2, GANADOR, CLIMA, ASISTENTES, HORA_PARTIDO, FECHA_PARTIDO,  ID_TORNEO, ID_PISTA) values (78, 100, 26, 26, 'Lluvioso', 1027, '15:25', '2019-02-10',  64, 13);
insert into PARTIDO (ID_PARTIDO, TENISTA1, TENISTA2, GANADOR, CLIMA, ASISTENTES, HORA_PARTIDO, FECHA_PARTIDO,  ID_TORNEO, ID_PISTA) values (79, 92, 49, 92, 'Nublado', 2826, '15:03', '2018-03-01',  70, 9);
insert into PARTIDO (ID_PARTIDO, TENISTA1, TENISTA2, GANADOR, CLIMA, ASISTENTES, HORA_PARTIDO, FECHA_PARTIDO,  ID_TORNEO, ID_PISTA) values (80, 50, 52, 52, 'Nublado', 4372, '19:15', '2019-07-25',  60, 76);
insert into PARTIDO (ID_PARTIDO, TENISTA1, TENISTA2, GANADOR, CLIMA, ASISTENTES, HORA_PARTIDO, FECHA_PARTIDO,  ID_TORNEO, ID_PISTA) values (81, 97, 53, 97, 'Nublado', 1720, '11:24', '2018-07-05',  44, 94);
insert into PARTIDO (ID_PARTIDO, TENISTA1, TENISTA2, GANADOR, CLIMA, ASISTENTES, HORA_PARTIDO, FECHA_PARTIDO,  ID_TORNEO, ID_PISTA) values (82, 2, 87, 87, 'Nublado', 803, '11:34', '2018-10-20', 7, 59);
insert into PARTIDO (ID_PARTIDO, TENISTA1, TENISTA2, GANADOR, CLIMA, ASISTENTES, HORA_PARTIDO, FECHA_PARTIDO,  ID_TORNEO, ID_PISTA) values (83, 56, 73, 73, 'Despejado', 3353, '14:50', '2018-08-01',  18, 68);
insert into PARTIDO (ID_PARTIDO, TENISTA1, TENISTA2, GANADOR, CLIMA, ASISTENTES, HORA_PARTIDO, FECHA_PARTIDO,  ID_TORNEO, ID_PISTA) values (84, 15, 2, 15, 'Despejado', 3373, '12:07', '2018-05-22',  22, 66);
insert into PARTIDO (ID_PARTIDO, TENISTA1, TENISTA2, GANADOR, CLIMA, ASISTENTES, HORA_PARTIDO, FECHA_PARTIDO,  ID_TORNEO, ID_PISTA) values (85, 70, 16, 70, 'Nublado', 2940, '16:52', '2018-11-26',  3, 7);
insert into PARTIDO (ID_PARTIDO, TENISTA1, TENISTA2, GANADOR, CLIMA, ASISTENTES, HORA_PARTIDO, FECHA_PARTIDO,  ID_TORNEO, ID_PISTA) values (86, 10, 23, 23, 'Despejado', 2716, '18:31', '2019-10-17',  82, 81);
insert into PARTIDO (ID_PARTIDO, TENISTA1, TENISTA2, GANADOR, CLIMA, ASISTENTES, HORA_PARTIDO, FECHA_PARTIDO,  ID_TORNEO, ID_PISTA) values (87, 20, 93, 93, 'Nublado', 749, '14:02', '2018-11-02',  51, 19);
insert into PARTIDO (ID_PARTIDO, TENISTA1, TENISTA2, GANADOR, CLIMA, ASISTENTES, HORA_PARTIDO, FECHA_PARTIDO,  ID_TORNEO, ID_PISTA) values (88, 23, 89, 89, 'Lluvioso', 2942, '18:04', '2018-04-03',  23, 52);
insert into PARTIDO (ID_PARTIDO, TENISTA1, TENISTA2, GANADOR, CLIMA, ASISTENTES, HORA_PARTIDO, FECHA_PARTIDO,  ID_TORNEO, ID_PISTA) values (89, 16, 7, 7, 'Lluvioso', 1328, '14:11', '2017-08-30',  3, 83);
insert into PARTIDO (ID_PARTIDO, TENISTA1, TENISTA2, GANADOR, CLIMA, ASISTENTES, HORA_PARTIDO, FECHA_PARTIDO,  ID_TORNEO, ID_PISTA) values (90, 75, 95, 95, 'Lluvioso', 2474, '18:40', '2019-10-16',  80, 2);
insert into PARTIDO (ID_PARTIDO, TENISTA1, TENISTA2, GANADOR, CLIMA, ASISTENTES, HORA_PARTIDO, FECHA_PARTIDO,  ID_TORNEO, ID_PISTA) values (91, 22, 2, 22, 'Nublado', 807, '19:05', '2017-12-28',  83, 4);
insert into PARTIDO (ID_PARTIDO, TENISTA1, TENISTA2, GANADOR, CLIMA, ASISTENTES, HORA_PARTIDO, FECHA_PARTIDO,  ID_TORNEO, ID_PISTA) values (92, 94, 2, 94, 'Soleado', 3206, '17:24', '2019-12-20',  38, 45);
insert into PARTIDO (ID_PARTIDO, TENISTA1, TENISTA2, GANADOR, CLIMA, ASISTENTES, HORA_PARTIDO, FECHA_PARTIDO,  ID_TORNEO, ID_PISTA) values (93, 90, 42, 90, 'Nublado', 1487, '10:42', '2017-07-28',  68, 62);
insert into PARTIDO (ID_PARTIDO, TENISTA1, TENISTA2, GANADOR, CLIMA, ASISTENTES, HORA_PARTIDO, FECHA_PARTIDO,  ID_TORNEO, ID_PISTA) values (94, 85, 81, 81, 'Lluvioso', 2967, '19:34', '2018-07-22',  67, 2);
insert into PARTIDO (ID_PARTIDO, TENISTA1, TENISTA2, GANADOR, CLIMA, ASISTENTES, HORA_PARTIDO, FECHA_PARTIDO,  ID_TORNEO, ID_PISTA) values (95, 52, 33, 33, 'Nublado', 3269, '18:29', '2017-06-28',  79, 3);
insert into PARTIDO (ID_PARTIDO, TENISTA1, TENISTA2, GANADOR, CLIMA, ASISTENTES, HORA_PARTIDO, FECHA_PARTIDO,  ID_TORNEO, ID_PISTA) values (96, 74, 98, 98, 'Lluvioso', 3188, '14:23', '2017-08-06',  85, 56);
insert into PARTIDO (ID_PARTIDO, TENISTA1, TENISTA2, GANADOR, CLIMA, ASISTENTES, HORA_PARTIDO, FECHA_PARTIDO,  ID_TORNEO, ID_PISTA) values (97, 35, 99, 99, 'Despejado', 2029, '14:51', '2018-02-22',  73, 13);
insert into PARTIDO (ID_PARTIDO, TENISTA1, TENISTA2, GANADOR, CLIMA, ASISTENTES, HORA_PARTIDO, FECHA_PARTIDO,  ID_TORNEO, ID_PISTA) values (98, 24, 60, 24, 'Lluvioso', 3641, '16:24', '2018-06-25',  82, 55);
insert into PARTIDO (ID_PARTIDO, TENISTA1, TENISTA2, GANADOR, CLIMA, ASISTENTES, HORA_PARTIDO, FECHA_PARTIDO,  ID_TORNEO, ID_PISTA) values (99, 27, 16, 16, 'Nublado', 2163, '19:31', '2019-03-21',  99, 22);
insert into PARTIDO (ID_PARTIDO, TENISTA1, TENISTA2, GANADOR, CLIMA, ASISTENTES, HORA_PARTIDO, FECHA_PARTIDO,  ID_TORNEO, ID_PISTA) values (100, 49, 83, 49, 'Soleado', 3033, '12:06', '2019-04-10',  39, 1);


-- INSERTS DE PATROCINADOR
DELETE FROM PATROCINADOR;

insert into PATROCINADOR (CIF, NOMBRE_EMPRESA, SECTOR, LOCALIDAD, PAIS) values (1, 'Lawrence', 'ropa', 'lfulger0@people.com.cn', 'Male');
insert into PATROCINADOR (CIF, NOMBRE_EMPRESA, SECTOR, LOCALIDAD, PAIS) values (2, 'Laughton', 'alim', 'ldyne1@google.ru', 'Male');
insert into PATROCINADOR (CIF, NOMBRE_EMPRESA, SECTOR, LOCALIDAD, PAIS) values (3, 'Ruby', 'tecnologia', 'rburge2@google.fr', 'Female');
insert into PATROCINADOR (CIF, NOMBRE_EMPRESA, SECTOR, LOCALIDAD, PAIS) values (4, 'Andrey', 'otro', 'abehne3@icio.us', 'Male');
insert into PATROCINADOR (CIF, NOMBRE_EMPRESA, SECTOR, LOCALIDAD, PAIS) values (5, 'Ellette', 'cien', 'edriffield4@topsy.com', 'Female');
insert into PATROCINADOR (CIF, NOMBRE_EMPRESA, SECTOR, LOCALIDAD, PAIS) values (6, 'Rollins', 'dep', 'rgamell5@twitpic.com', 'Male');
insert into PATROCINADOR (CIF, NOMBRE_EMPRESA, SECTOR, LOCALIDAD, PAIS) values (7, 'Denice', 'dep', 'dmccrie6@tmall.com', 'Female');
insert into PATROCINADOR (CIF, NOMBRE_EMPRESA, SECTOR, LOCALIDAD, PAIS) values (8, 'Zuzana', 'ropa', 'zmartinets7@rediff.com', 'Female');
insert into PATROCINADOR (CIF, NOMBRE_EMPRESA, SECTOR, LOCALIDAD, PAIS) values (9, 'Alfie', 'tecnologia', 'aallerton8@dedecms.com', 'Male');
insert into PATROCINADOR (CIF, NOMBRE_EMPRESA, SECTOR, LOCALIDAD, PAIS) values (10, 'Megan', 'alim', 'mkeneleyside9@squarespace.com', 'Female');
insert into PATROCINADOR (CIF, NOMBRE_EMPRESA, SECTOR, LOCALIDAD, PAIS) values (11, 'Brennen', 'dep', 'bdenekampa@webnode.com', 'Male');
insert into PATROCINADOR (CIF, NOMBRE_EMPRESA, SECTOR, LOCALIDAD, PAIS) values (12, 'Debora', 'cien', 'dkolodziejskib@discovery.com', 'Female');
insert into PATROCINADOR (CIF, NOMBRE_EMPRESA, SECTOR, LOCALIDAD, PAIS) values (13, 'Olwen', 'dep', 'olepopec@tamu.edu', 'Female');
insert into PATROCINADOR (CIF, NOMBRE_EMPRESA, SECTOR, LOCALIDAD, PAIS) values (14, 'Allayne', 'dep', 'abalmforthd@linkedin.com', 'Male');
insert into PATROCINADOR (CIF, NOMBRE_EMPRESA, SECTOR, LOCALIDAD, PAIS) values (15, 'Skell', 'salud', 'sotterye@posterous.com', 'Male');
insert into PATROCINADOR (CIF, NOMBRE_EMPRESA, SECTOR, LOCALIDAD, PAIS) values (16, 'Brandy', 'tecnologia', 'bdearlovef@printfriendly.com', 'Female');
insert into PATROCINADOR (CIF, NOMBRE_EMPRESA, SECTOR, LOCALIDAD, PAIS) values (17, 'Base', 'cien', 'bclementetg@alexa.com', 'Male');
insert into PATROCINADOR (CIF, NOMBRE_EMPRESA, SECTOR, LOCALIDAD, PAIS) values (18, 'Nettle', 'cien', 'nwalshh@sitemeter.com', 'Female');
insert into PATROCINADOR (CIF, NOMBRE_EMPRESA, SECTOR, LOCALIDAD, PAIS) values (19, 'Forbes', 'salud', 'fskilli@nature.com', 'Male');
insert into PATROCINADOR (CIF, NOMBRE_EMPRESA, SECTOR, LOCALIDAD, PAIS) values (20, 'Royce', 'alim', 'rhumpheryj@weebly.com', 'Male');
insert into PATROCINADOR (CIF, NOMBRE_EMPRESA, SECTOR, LOCALIDAD, PAIS) values (21, 'Randa', 'otro', 'rayersk@google.com.hk', 'Female');
insert into PATROCINADOR (CIF, NOMBRE_EMPRESA, SECTOR, LOCALIDAD, PAIS) values (22, 'Abagael', 'cien', 'aabramowskyl@hibu.com', 'Female');
insert into PATROCINADOR (CIF, NOMBRE_EMPRESA, SECTOR, LOCALIDAD, PAIS) values (23, 'Floyd', 'ropa', 'flaxstonm@ycombinator.com', 'Male');
insert into PATROCINADOR (CIF, NOMBRE_EMPRESA, SECTOR, LOCALIDAD, PAIS) values (24, 'Gabbie', 'salud', 'gruzicn@scribd.com', 'Male');
insert into PATROCINADOR (CIF, NOMBRE_EMPRESA, SECTOR, LOCALIDAD, PAIS) values (25, 'Alyosha', 'salud', 'araysdaleo@pbs.org', 'Male');
insert into PATROCINADOR (CIF, NOMBRE_EMPRESA, SECTOR, LOCALIDAD, PAIS) values (26, 'Sergent', 'salud', 'swyleyp@ft.com', 'Male');
insert into PATROCINADOR (CIF, NOMBRE_EMPRESA, SECTOR, LOCALIDAD, PAIS) values (27, 'Ferdinand', 'tecnologia', 'fwhitchurchq@feedburner.com', 'Male');
insert into PATROCINADOR (CIF, NOMBRE_EMPRESA, SECTOR, LOCALIDAD, PAIS) values (28, 'Maris', 'cien', 'mteaser@archive.org', 'Female');
insert into PATROCINADOR (CIF, NOMBRE_EMPRESA, SECTOR, LOCALIDAD, PAIS) values (29, 'Porter', 'salud', 'pshambrokes@webeden.co.uk', 'Male');
insert into PATROCINADOR (CIF, NOMBRE_EMPRESA, SECTOR, LOCALIDAD, PAIS) values (30, 'Helaina', 'salud', 'hcheerst@nationalgeographic.com', 'Female');
insert into PATROCINADOR (CIF, NOMBRE_EMPRESA, SECTOR, LOCALIDAD, PAIS) values (31, 'Evania', 'tecnologia', 'edevennieu@yahoo.com', 'Female');
insert into PATROCINADOR (CIF, NOMBRE_EMPRESA, SECTOR, LOCALIDAD, PAIS) values (32, 'Gunther', 'tecnologia', 'glefeuvrev@hc360.com', 'Male');
insert into PATROCINADOR (CIF, NOMBRE_EMPRESA, SECTOR, LOCALIDAD, PAIS) values (33, 'Kaylyn', 'salud', 'kfillsw@google.com.br', 'Female');
insert into PATROCINADOR (CIF, NOMBRE_EMPRESA, SECTOR, LOCALIDAD, PAIS) values (34, 'Alfie', 'cien', 'aallwardx@shinystat.com', 'Male');
insert into PATROCINADOR (CIF, NOMBRE_EMPRESA, SECTOR, LOCALIDAD, PAIS) values (35, 'Justina', 'salud', 'jsimany@dell.com', 'Female');
insert into PATROCINADOR (CIF, NOMBRE_EMPRESA, SECTOR, LOCALIDAD, PAIS) values (36, 'Fiann', 'dep', 'fbovingdonz@weebly.com', 'Female');
insert into PATROCINADOR (CIF, NOMBRE_EMPRESA, SECTOR, LOCALIDAD, PAIS) values (37, 'Mohandis', 'tecnologia', 'mrenshall10@xing.com', 'Male');
insert into PATROCINADOR (CIF, NOMBRE_EMPRESA, SECTOR, LOCALIDAD, PAIS) values (38, 'Amos', 'alim', 'apressdee11@kickstarter.com', 'Male');
insert into PATROCINADOR (CIF, NOMBRE_EMPRESA, SECTOR, LOCALIDAD, PAIS) values (39, 'Perice', 'dep', 'pickovicz12@ucla.edu', 'Male');
insert into PATROCINADOR (CIF, NOMBRE_EMPRESA, SECTOR, LOCALIDAD, PAIS) values (40, 'Fabio', 'tecnologia', 'fanyon13@yellowpages.com', 'Male');
insert into PATROCINADOR (CIF, NOMBRE_EMPRESA, SECTOR, LOCALIDAD, PAIS) values (41, 'Cad', 'otro', 'ccuff14@mysql.com', 'Male');
insert into PATROCINADOR (CIF, NOMBRE_EMPRESA, SECTOR, LOCALIDAD, PAIS) values (42, 'Maurizia', 'ropa', 'mbeachamp15@cdbaby.com', 'Female');
insert into PATROCINADOR (CIF, NOMBRE_EMPRESA, SECTOR, LOCALIDAD, PAIS) values (43, 'Orlan', 'alim', 'obrithman16@sun.com', 'Male');
insert into PATROCINADOR (CIF, NOMBRE_EMPRESA, SECTOR, LOCALIDAD, PAIS) values (44, 'Melany', 'ropa', 'mcraze17@woothemes.com', 'Female');
insert into PATROCINADOR (CIF, NOMBRE_EMPRESA, SECTOR, LOCALIDAD, PAIS) values (45, 'Jermain', 'ropa', 'jhuburn18@japanpost.jp', 'Male');
insert into PATROCINADOR (CIF, NOMBRE_EMPRESA, SECTOR, LOCALIDAD, PAIS) values (46, 'Stepha', 'cien', 'sbrixham19@ed.gov', 'Female');
insert into PATROCINADOR (CIF, NOMBRE_EMPRESA, SECTOR, LOCALIDAD, PAIS) values (47, 'Ado', 'salud', 'aweare1a@aol.com', 'Male');
insert into PATROCINADOR (CIF, NOMBRE_EMPRESA, SECTOR, LOCALIDAD, PAIS) values (48, 'Lucille', 'otro', 'leasterfield1b@fda.gov', 'Female');
insert into PATROCINADOR (CIF, NOMBRE_EMPRESA, SECTOR, LOCALIDAD, PAIS) values (49, 'Kelvin', 'alim', 'kbriat1c@hp.com', 'Male');
insert into PATROCINADOR (CIF, NOMBRE_EMPRESA, SECTOR, LOCALIDAD, PAIS) values (50, 'Olag', 'tecnologia', 'oandrin1d@1688.com', 'Male');
insert into PATROCINADOR (CIF, NOMBRE_EMPRESA, SECTOR, LOCALIDAD, PAIS) values (51, 'Natal', 'salud', 'nseagrave1e@themeforest.net', 'Male');
insert into PATROCINADOR (CIF, NOMBRE_EMPRESA, SECTOR, LOCALIDAD, PAIS) values (52, 'Ambros', 'salud', 'alias1f@cargocollective.com', 'Male');
insert into PATROCINADOR (CIF, NOMBRE_EMPRESA, SECTOR, LOCALIDAD, PAIS) values (53, 'Jacinta', 'dep', 'jgilli1g@studiopress.com', 'Female');
insert into PATROCINADOR (CIF, NOMBRE_EMPRESA, SECTOR, LOCALIDAD, PAIS) values (54, 'Margery', 'otro', 'mdreng1h@adobe.com', 'Female');
insert into PATROCINADOR (CIF, NOMBRE_EMPRESA, SECTOR, LOCALIDAD, PAIS) values (55, 'Elie', 'salud', 'epeacop1i@acquirethisname.com', 'Female');
insert into PATROCINADOR (CIF, NOMBRE_EMPRESA, SECTOR, LOCALIDAD, PAIS) values (56, 'Darcie', 'alim', 'drozanski1j@feedburner.com', 'Female');
insert into PATROCINADOR (CIF, NOMBRE_EMPRESA, SECTOR, LOCALIDAD, PAIS) values (57, 'Merl', 'alim', 'mvears1k@businessweek.com', 'Female');
insert into PATROCINADOR (CIF, NOMBRE_EMPRESA, SECTOR, LOCALIDAD, PAIS) values (58, 'Chery', 'alim', 'cbartunek1l@unicef.org', 'Female');
insert into PATROCINADOR (CIF, NOMBRE_EMPRESA, SECTOR, LOCALIDAD, PAIS) values (59, 'Essa', 'ropa', 'egeane1m@soup.io', 'Female');
insert into PATROCINADOR (CIF, NOMBRE_EMPRESA, SECTOR, LOCALIDAD, PAIS) values (60, 'Thia', 'alim', 'tguillerman1n@google.com.br', 'Female');
insert into PATROCINADOR (CIF, NOMBRE_EMPRESA, SECTOR, LOCALIDAD, PAIS) values (61, 'Andria', 'alim', 'apaget1o@constantcontact.com', 'Female');
insert into PATROCINADOR (CIF, NOMBRE_EMPRESA, SECTOR, LOCALIDAD, PAIS) values (62, 'Raoul', 'otro', 'rtreadwell1p@howstuffworks.com', 'Male');
insert into PATROCINADOR (CIF, NOMBRE_EMPRESA, SECTOR, LOCALIDAD, PAIS) values (63, 'Michele', 'salud', 'mfurst1q@earthlink.net', 'Male');
insert into PATROCINADOR (CIF, NOMBRE_EMPRESA, SECTOR, LOCALIDAD, PAIS) values (64, 'Antonella', 'dep', 'acaroline1r@uiuc.edu', 'Female');
insert into PATROCINADOR (CIF, NOMBRE_EMPRESA, SECTOR, LOCALIDAD, PAIS) values (65, 'Morton', 'alim', 'mgrigaut1s@google.com.au', 'Male');
insert into PATROCINADOR (CIF, NOMBRE_EMPRESA, SECTOR, LOCALIDAD, PAIS) values (66, 'Sibelle', 'alim', 'smessam1t@umn.edu', 'Female');
insert into PATROCINADOR (CIF, NOMBRE_EMPRESA, SECTOR, LOCALIDAD, PAIS) values (67, 'Barbabas', 'salud', 'bsabater1u@i2i.jp', 'Male');
insert into PATROCINADOR (CIF, NOMBRE_EMPRESA, SECTOR, LOCALIDAD, PAIS) values (68, 'Lyn', 'alim', 'lpenton1v@deviantart.com', 'Male');
insert into PATROCINADOR (CIF, NOMBRE_EMPRESA, SECTOR, LOCALIDAD, PAIS) values (69, 'Bogey', 'salud', 'bstanney1w@altervista.org', 'Male');
insert into PATROCINADOR (CIF, NOMBRE_EMPRESA, SECTOR, LOCALIDAD, PAIS) values (70, 'Moyna', 'salud', 'mestcourt1x@google.com.br', 'Female');
insert into PATROCINADOR (CIF, NOMBRE_EMPRESA, SECTOR, LOCALIDAD, PAIS) values (71, 'Donn', 'tecnologia', 'dleedal1y@nasa.gov', 'Male');
insert into PATROCINADOR (CIF, NOMBRE_EMPRESA, SECTOR, LOCALIDAD, PAIS) values (72, 'Morganica', 'alim', 'mgirhard1z@answers.com', 'Female');
insert into PATROCINADOR (CIF, NOMBRE_EMPRESA, SECTOR, LOCALIDAD, PAIS) values (73, 'Beverlee', 'alim', 'bridges20@wikipedia.org', 'Female');
insert into PATROCINADOR (CIF, NOMBRE_EMPRESA, SECTOR, LOCALIDAD, PAIS) values (74, 'Darrel', 'dep', 'dgirardey21@webnode.com', 'Male');
insert into PATROCINADOR (CIF, NOMBRE_EMPRESA, SECTOR, LOCALIDAD, PAIS) values (75, 'Jojo', 'otro', 'jcronin22@huffingtonpost.com', 'Female');
insert into PATROCINADOR (CIF, NOMBRE_EMPRESA, SECTOR, LOCALIDAD, PAIS) values (76, 'Adelbert', 'alim', 'akoba23@prweb.com', 'Male');
insert into PATROCINADOR (CIF, NOMBRE_EMPRESA, SECTOR, LOCALIDAD, PAIS) values (77, 'Tracy', 'alim', 'tattestone24@hubpages.com', 'Female');
insert into PATROCINADOR (CIF, NOMBRE_EMPRESA, SECTOR, LOCALIDAD, PAIS) values (78, 'Twila', 'salud', 'tbickerdicke25@engadget.com', 'Female');
insert into PATROCINADOR (CIF, NOMBRE_EMPRESA, SECTOR, LOCALIDAD, PAIS) values (79, 'Cassondra', 'tecnologia', 'cborrowman26@geocities.com', 'Female');
insert into PATROCINADOR (CIF, NOMBRE_EMPRESA, SECTOR, LOCALIDAD, PAIS) values (80, 'Maressa', 'alim', 'mrenvoys27@reference.com', 'Female');
insert into PATROCINADOR (CIF, NOMBRE_EMPRESA, SECTOR, LOCALIDAD, PAIS) values (81, 'Bernetta', 'alim', 'byerby28@msn.com', 'Female');
insert into PATROCINADOR (CIF, NOMBRE_EMPRESA, SECTOR, LOCALIDAD, PAIS) values (82, 'Cordy', 'dep', 'cmealham29@ihg.com', 'Female');
insert into PATROCINADOR (CIF, NOMBRE_EMPRESA, SECTOR, LOCALIDAD, PAIS) values (83, 'Nita', 'dep', 'nismay2a@narod.ru', 'Female');
insert into PATROCINADOR (CIF, NOMBRE_EMPRESA, SECTOR, LOCALIDAD, PAIS) values (84, 'Eloise', 'cien', 'eaustins2b@xing.com', 'Female');
insert into PATROCINADOR (CIF, NOMBRE_EMPRESA, SECTOR, LOCALIDAD, PAIS) values (85, 'Maris', 'cien', 'mkynder2c@ed.gov', 'Female');
insert into PATROCINADOR (CIF, NOMBRE_EMPRESA, SECTOR, LOCALIDAD, PAIS) values (86, 'Cyndy', 'tecnologia', 'cokielt2d@slashdot.org', 'Female');
insert into PATROCINADOR (CIF, NOMBRE_EMPRESA, SECTOR, LOCALIDAD, PAIS) values (87, 'Scottie', 'tecnologia', 'sgartery2e@drupal.org', 'Male');
insert into PATROCINADOR (CIF, NOMBRE_EMPRESA, SECTOR, LOCALIDAD, PAIS) values (88, 'Hendrika', 'otro', 'hdury2f@paginegialle.it', 'Female');
insert into PATROCINADOR (CIF, NOMBRE_EMPRESA, SECTOR, LOCALIDAD, PAIS) values (89, 'Oneida', 'otro', 'oworral2g@blogs.com', 'Female');
insert into PATROCINADOR (CIF, NOMBRE_EMPRESA, SECTOR, LOCALIDAD, PAIS) values (90, 'Gisele', 'otro', 'gcruess2h@vistaprint.com', 'Female');
insert into PATROCINADOR (CIF, NOMBRE_EMPRESA, SECTOR, LOCALIDAD, PAIS) values (91, 'Briano', 'tecnologia', 'binglese2i@webeden.co.uk', 'Male');
insert into PATROCINADOR (CIF, NOMBRE_EMPRESA, SECTOR, LOCALIDAD, PAIS) values (92, 'Waldo', 'otro', 'wcorhard2j@ocn.ne.jp', 'Male');
insert into PATROCINADOR (CIF, NOMBRE_EMPRESA, SECTOR, LOCALIDAD, PAIS) values (93, 'Chancey', 'otro', 'cdraaisma2k@businessweek.com', 'Male');
insert into PATROCINADOR (CIF, NOMBRE_EMPRESA, SECTOR, LOCALIDAD, PAIS) values (94, 'Mack', 'tecnologia', 'myockley2l@chronoengine.com', 'Male');
insert into PATROCINADOR (CIF, NOMBRE_EMPRESA, SECTOR, LOCALIDAD, PAIS) values (95, 'Faina', 'salud', 'flynett2m@auda.org.au', 'Female');
insert into PATROCINADOR (CIF, NOMBRE_EMPRESA, SECTOR, LOCALIDAD, PAIS) values (96, 'Natala', 'dep', 'nmalkie2n@accuweather.com', 'Female');
insert into PATROCINADOR (CIF, NOMBRE_EMPRESA, SECTOR, LOCALIDAD, PAIS) values (97, 'Sven', 'ropa', 'seakly2o@sphinn.com', 'Male');
insert into PATROCINADOR (CIF, NOMBRE_EMPRESA, SECTOR, LOCALIDAD, PAIS) values (98, 'Pia', 'ropa', 'pchestney2p@samsung.com', 'Female');
insert into PATROCINADOR (CIF, NOMBRE_EMPRESA, SECTOR, LOCALIDAD, PAIS) values (99, 'Tobe', 'otro', 'ttarplee2q@flickr.com', 'Female');
insert into PATROCINADOR (CIF, NOMBRE_EMPRESA, SECTOR, LOCALIDAD, PAIS) values (100, 'Pietra', 'salud', 'psommersett2r@elpais.com', 'Female');

-- INSERTS DE PISTA_TORNEO
DELETE FROM PISTA_TORNEO;

insert into PISTA_TORNEO (ID_TORNEO, ID_PISTA) values (40, 9);
insert into PISTA_TORNEO (ID_TORNEO, ID_PISTA) values (51, 66);
insert into PISTA_TORNEO (ID_TORNEO, ID_PISTA) values (24, 96);
insert into PISTA_TORNEO (ID_TORNEO, ID_PISTA) values (76, 9);
insert into PISTA_TORNEO (ID_TORNEO, ID_PISTA) values (5, 64);
insert into PISTA_TORNEO (ID_TORNEO, ID_PISTA) values (28, 85);
insert into PISTA_TORNEO (ID_TORNEO, ID_PISTA) values (85, 90);
insert into PISTA_TORNEO (ID_TORNEO, ID_PISTA) values (44, 25);
insert into PISTA_TORNEO (ID_TORNEO, ID_PISTA) values (14, 52);
insert into PISTA_TORNEO (ID_TORNEO, ID_PISTA) values (99, 79);
insert into PISTA_TORNEO (ID_TORNEO, ID_PISTA) values (11, 24);
insert into PISTA_TORNEO (ID_TORNEO, ID_PISTA) values (66, 95);
insert into PISTA_TORNEO (ID_TORNEO, ID_PISTA) values (8, 90);
insert into PISTA_TORNEO (ID_TORNEO, ID_PISTA) values (40, 72);
insert into PISTA_TORNEO (ID_TORNEO, ID_PISTA) values (59, 37);
insert into PISTA_TORNEO (ID_TORNEO, ID_PISTA) values (22, 28);
insert into PISTA_TORNEO (ID_TORNEO, ID_PISTA) values (89, 87);
insert into PISTA_TORNEO (ID_TORNEO, ID_PISTA) values (3, 75);
insert into PISTA_TORNEO (ID_TORNEO, ID_PISTA) values (83, 19);
insert into PISTA_TORNEO (ID_TORNEO, ID_PISTA) values (66, 22);
insert into PISTA_TORNEO (ID_TORNEO, ID_PISTA) values (27, 31);
insert into PISTA_TORNEO (ID_TORNEO, ID_PISTA) values (72, 42);
insert into PISTA_TORNEO (ID_TORNEO, ID_PISTA) values (31, 8);
insert into PISTA_TORNEO (ID_TORNEO, ID_PISTA) values (62, 28);
insert into PISTA_TORNEO (ID_TORNEO, ID_PISTA) values (1, 69);
insert into PISTA_TORNEO (ID_TORNEO, ID_PISTA) values (50, 46);
insert into PISTA_TORNEO (ID_TORNEO, ID_PISTA) values (84, 58);
insert into PISTA_TORNEO (ID_TORNEO, ID_PISTA) values (39, 5);
insert into PISTA_TORNEO (ID_TORNEO, ID_PISTA) values (32, 32);
insert into PISTA_TORNEO (ID_TORNEO, ID_PISTA) values (90, 33);
insert into PISTA_TORNEO (ID_TORNEO, ID_PISTA) values (52, 40);
insert into PISTA_TORNEO (ID_TORNEO, ID_PISTA) values (68, 67);
insert into PISTA_TORNEO (ID_TORNEO, ID_PISTA) values (57, 70);
insert into PISTA_TORNEO (ID_TORNEO, ID_PISTA) values (45, 76);
insert into PISTA_TORNEO (ID_TORNEO, ID_PISTA) values (48, 93);
insert into PISTA_TORNEO (ID_TORNEO, ID_PISTA) values (26, 44);
insert into PISTA_TORNEO (ID_TORNEO, ID_PISTA) values (86, 23);
insert into PISTA_TORNEO (ID_TORNEO, ID_PISTA) values (90, 84);
insert into PISTA_TORNEO (ID_TORNEO, ID_PISTA) values (34, 27);
insert into PISTA_TORNEO (ID_TORNEO, ID_PISTA) values (98, 75);
insert into PISTA_TORNEO (ID_TORNEO, ID_PISTA) values (75, 4);
insert into PISTA_TORNEO (ID_TORNEO, ID_PISTA) values (65, 8);
insert into PISTA_TORNEO (ID_TORNEO, ID_PISTA) values (51, 34);
insert into PISTA_TORNEO (ID_TORNEO, ID_PISTA) values (48, 95);
insert into PISTA_TORNEO (ID_TORNEO, ID_PISTA) values (53, 91);
insert into PISTA_TORNEO (ID_TORNEO, ID_PISTA) values (34, 23);
insert into PISTA_TORNEO (ID_TORNEO, ID_PISTA) values (77, 55);
insert into PISTA_TORNEO (ID_TORNEO, ID_PISTA) values (5, 80);
insert into PISTA_TORNEO (ID_TORNEO, ID_PISTA) values (88, 26);
insert into PISTA_TORNEO (ID_TORNEO, ID_PISTA) values (33, 96);
insert into PISTA_TORNEO (ID_TORNEO, ID_PISTA) values (78, 51);
insert into PISTA_TORNEO (ID_TORNEO, ID_PISTA) values (25, 90);
insert into PISTA_TORNEO (ID_TORNEO, ID_PISTA) values (43, 14);
insert into PISTA_TORNEO (ID_TORNEO, ID_PISTA) values (87, 36);
insert into PISTA_TORNEO (ID_TORNEO, ID_PISTA) values (72, 35);
insert into PISTA_TORNEO (ID_TORNEO, ID_PISTA) values (20, 77);
insert into PISTA_TORNEO (ID_TORNEO, ID_PISTA) values (60, 81);
insert into PISTA_TORNEO (ID_TORNEO, ID_PISTA) values (7, 57);
insert into PISTA_TORNEO (ID_TORNEO, ID_PISTA) values (35, 89);
insert into PISTA_TORNEO (ID_TORNEO, ID_PISTA) values (42, 19);
insert into PISTA_TORNEO (ID_TORNEO, ID_PISTA) values (47, 29);
insert into PISTA_TORNEO (ID_TORNEO, ID_PISTA) values (85, 68);
insert into PISTA_TORNEO (ID_TORNEO, ID_PISTA) values (39, 7);
insert into PISTA_TORNEO (ID_TORNEO, ID_PISTA) values (47, 49);
insert into PISTA_TORNEO (ID_TORNEO, ID_PISTA) values (91, 64);
insert into PISTA_TORNEO (ID_TORNEO, ID_PISTA) values (99, 74);
insert into PISTA_TORNEO (ID_TORNEO, ID_PISTA) values (20, 90);
insert into PISTA_TORNEO (ID_TORNEO, ID_PISTA) values (41, 25);
insert into PISTA_TORNEO (ID_TORNEO, ID_PISTA) values (56, 25);
insert into PISTA_TORNEO (ID_TORNEO, ID_PISTA) values (5, 7);
insert into PISTA_TORNEO (ID_TORNEO, ID_PISTA) values (79, 71);
insert into PISTA_TORNEO (ID_TORNEO, ID_PISTA) values (65, 35);
insert into PISTA_TORNEO (ID_TORNEO, ID_PISTA) values (21, 27);
insert into PISTA_TORNEO (ID_TORNEO, ID_PISTA) values (96, 60);
insert into PISTA_TORNEO (ID_TORNEO, ID_PISTA) values (77, 53);
insert into PISTA_TORNEO (ID_TORNEO, ID_PISTA) values (98, 66);
insert into PISTA_TORNEO (ID_TORNEO, ID_PISTA) values (58, 1);
insert into PISTA_TORNEO (ID_TORNEO, ID_PISTA) values (54, 61);
insert into PISTA_TORNEO (ID_TORNEO, ID_PISTA) values (7, 83);
insert into PISTA_TORNEO (ID_TORNEO, ID_PISTA) values (49, 58);
insert into PISTA_TORNEO (ID_TORNEO, ID_PISTA) values (13, 28);
insert into PISTA_TORNEO (ID_TORNEO, ID_PISTA) values (44, 3);
insert into PISTA_TORNEO (ID_TORNEO, ID_PISTA) values (13, 36);
insert into PISTA_TORNEO (ID_TORNEO, ID_PISTA) values (62, 14);
insert into PISTA_TORNEO (ID_TORNEO, ID_PISTA) values (37, 78);
insert into PISTA_TORNEO (ID_TORNEO, ID_PISTA) values (82, 37);
insert into PISTA_TORNEO (ID_TORNEO, ID_PISTA) values (80, 95);
insert into PISTA_TORNEO (ID_TORNEO, ID_PISTA) values (23, 13);
insert into PISTA_TORNEO (ID_TORNEO, ID_PISTA) values (90, 73);
insert into PISTA_TORNEO (ID_TORNEO, ID_PISTA) values (82, 57);
insert into PISTA_TORNEO (ID_TORNEO, ID_PISTA) values (88, 36);
insert into PISTA_TORNEO (ID_TORNEO, ID_PISTA) values (9, 98);
insert into PISTA_TORNEO (ID_TORNEO, ID_PISTA) values (56, 57);
insert into PISTA_TORNEO (ID_TORNEO, ID_PISTA) values (3, 7);
insert into PISTA_TORNEO (ID_TORNEO, ID_PISTA) values (44, 52);
insert into PISTA_TORNEO (ID_TORNEO, ID_PISTA) values (67, 50);
insert into PISTA_TORNEO (ID_TORNEO, ID_PISTA) values (100, 36);
insert into PISTA_TORNEO (ID_TORNEO, ID_PISTA) values (7, 39);
insert into PISTA_TORNEO (ID_TORNEO, ID_PISTA) values (92, 65);
insert into PISTA_TORNEO (ID_TORNEO, ID_PISTA) values (94, 66);
insert into PISTA_TORNEO (ID_TORNEO, ID_PISTA) values (61, 69);
insert into PISTA_TORNEO (ID_TORNEO, ID_PISTA) values (93, 61);
insert into PISTA_TORNEO (ID_TORNEO, ID_PISTA) values (93, 60);
insert into PISTA_TORNEO (ID_TORNEO, ID_PISTA) values (68, 58);
insert into PISTA_TORNEO (ID_TORNEO, ID_PISTA) values (18, 18);
insert into PISTA_TORNEO (ID_TORNEO, ID_PISTA) values (70, 43);
insert into PISTA_TORNEO (ID_TORNEO, ID_PISTA) values (98, 58);
insert into PISTA_TORNEO (ID_TORNEO, ID_PISTA) values (41, 13);
insert into PISTA_TORNEO (ID_TORNEO, ID_PISTA) values (68, 100);
insert into PISTA_TORNEO (ID_TORNEO, ID_PISTA) values (47, 4);
insert into PISTA_TORNEO (ID_TORNEO, ID_PISTA) values (37, 62);
insert into PISTA_TORNEO (ID_TORNEO, ID_PISTA) values (1, 71);
insert into PISTA_TORNEO (ID_TORNEO, ID_PISTA) values (91, 81);
insert into PISTA_TORNEO (ID_TORNEO, ID_PISTA) values (30, 18);
insert into PISTA_TORNEO (ID_TORNEO, ID_PISTA) values (48, 62);
insert into PISTA_TORNEO (ID_TORNEO, ID_PISTA) values (92, 47);
insert into PISTA_TORNEO (ID_TORNEO, ID_PISTA) values (38, 84);
insert into PISTA_TORNEO (ID_TORNEO, ID_PISTA) values (47, 97);
insert into PISTA_TORNEO (ID_TORNEO, ID_PISTA) values (25, 96);
insert into PISTA_TORNEO (ID_TORNEO, ID_PISTA) values (96, 31);
insert into PISTA_TORNEO (ID_TORNEO, ID_PISTA) values (22, 23);
insert into PISTA_TORNEO (ID_TORNEO, ID_PISTA) values (43, 15);
insert into PISTA_TORNEO (ID_TORNEO, ID_PISTA) values (24, 90);
insert into PISTA_TORNEO (ID_TORNEO, ID_PISTA) values (60, 68);
insert into PISTA_TORNEO (ID_TORNEO, ID_PISTA) values (41, 78);
insert into PISTA_TORNEO (ID_TORNEO, ID_PISTA) values (54, 94);
insert into PISTA_TORNEO (ID_TORNEO, ID_PISTA) values (78, 8);
insert into PISTA_TORNEO (ID_TORNEO, ID_PISTA) values (80, 25);
insert into PISTA_TORNEO (ID_TORNEO, ID_PISTA) values (85, 99);
insert into PISTA_TORNEO (ID_TORNEO, ID_PISTA) values (97, 100);
insert into PISTA_TORNEO (ID_TORNEO, ID_PISTA) values (43, 51);
insert into PISTA_TORNEO (ID_TORNEO, ID_PISTA) values (53, 85);
insert into PISTA_TORNEO (ID_TORNEO, ID_PISTA) values (50, 78);
insert into PISTA_TORNEO (ID_TORNEO, ID_PISTA) values (61, 45);
insert into PISTA_TORNEO (ID_TORNEO, ID_PISTA) values (23, 16);
insert into PISTA_TORNEO (ID_TORNEO, ID_PISTA) values (63, 18);
insert into PISTA_TORNEO (ID_TORNEO, ID_PISTA) values (38, 38);
insert into PISTA_TORNEO (ID_TORNEO, ID_PISTA) values (71, 100);
insert into PISTA_TORNEO (ID_TORNEO, ID_PISTA) values (32, 43);
insert into PISTA_TORNEO (ID_TORNEO, ID_PISTA) values (83, 54);
insert into PISTA_TORNEO (ID_TORNEO, ID_PISTA) values (24, 98);
insert into PISTA_TORNEO (ID_TORNEO, ID_PISTA) values (93, 55);
insert into PISTA_TORNEO (ID_TORNEO, ID_PISTA) values (81, 89);
insert into PISTA_TORNEO (ID_TORNEO, ID_PISTA) values (92, 70);
insert into PISTA_TORNEO (ID_TORNEO, ID_PISTA) values (79, 63);
insert into PISTA_TORNEO (ID_TORNEO, ID_PISTA) values (5, 95);
insert into PISTA_TORNEO (ID_TORNEO, ID_PISTA) values (51, 96);
insert into PISTA_TORNEO (ID_TORNEO, ID_PISTA) values (97, 29);
insert into PISTA_TORNEO (ID_TORNEO, ID_PISTA) values (3, 32);
insert into PISTA_TORNEO (ID_TORNEO, ID_PISTA) values (40, 85);
insert into PISTA_TORNEO (ID_TORNEO, ID_PISTA) values (80, 9);
insert into PISTA_TORNEO (ID_TORNEO, ID_PISTA) values (17, 55);
insert into PISTA_TORNEO (ID_TORNEO, ID_PISTA) values (16, 34);
insert into PISTA_TORNEO (ID_TORNEO, ID_PISTA) values (66, 46);
insert into PISTA_TORNEO (ID_TORNEO, ID_PISTA) values (29, 88);
insert into PISTA_TORNEO (ID_TORNEO, ID_PISTA) values (91, 30);
insert into PISTA_TORNEO (ID_TORNEO, ID_PISTA) values (12, 85);
insert into PISTA_TORNEO (ID_TORNEO, ID_PISTA) values (42, 27);
insert into PISTA_TORNEO (ID_TORNEO, ID_PISTA) values (56, 37);
insert into PISTA_TORNEO (ID_TORNEO, ID_PISTA) values (21, 59);
insert into PISTA_TORNEO (ID_TORNEO, ID_PISTA) values (79, 20);
insert into PISTA_TORNEO (ID_TORNEO, ID_PISTA) values (79, 57);
insert into PISTA_TORNEO (ID_TORNEO, ID_PISTA) values (34, 89);
insert into PISTA_TORNEO (ID_TORNEO, ID_PISTA) values (13, 68);
insert into PISTA_TORNEO (ID_TORNEO, ID_PISTA) values (6, 39);
insert into PISTA_TORNEO (ID_TORNEO, ID_PISTA) values (92, 9);
insert into PISTA_TORNEO (ID_TORNEO, ID_PISTA) values (100, 29);
insert into PISTA_TORNEO (ID_TORNEO, ID_PISTA) values (93, 83);
insert into PISTA_TORNEO (ID_TORNEO, ID_PISTA) values (73, 59);
insert into PISTA_TORNEO (ID_TORNEO, ID_PISTA) values (77, 84);
insert into PISTA_TORNEO (ID_TORNEO, ID_PISTA) values (35, 51);
insert into PISTA_TORNEO (ID_TORNEO, ID_PISTA) values (62, 79);
insert into PISTA_TORNEO (ID_TORNEO, ID_PISTA) values (81, 37);
insert into PISTA_TORNEO (ID_TORNEO, ID_PISTA) values (50, 10);
insert into PISTA_TORNEO (ID_TORNEO, ID_PISTA) values (61, 55);
insert into PISTA_TORNEO (ID_TORNEO, ID_PISTA) values (44, 17);
insert into PISTA_TORNEO (ID_TORNEO, ID_PISTA) values (2, 83);
insert into PISTA_TORNEO (ID_TORNEO, ID_PISTA) values (46, 73);
insert into PISTA_TORNEO (ID_TORNEO, ID_PISTA) values (45, 87);
insert into PISTA_TORNEO (ID_TORNEO, ID_PISTA) values (22, 36);
insert into PISTA_TORNEO (ID_TORNEO, ID_PISTA) values (34, 96);
insert into PISTA_TORNEO (ID_TORNEO, ID_PISTA) values (86, 10);
insert into PISTA_TORNEO (ID_TORNEO, ID_PISTA) values (42, 99);
insert into PISTA_TORNEO (ID_TORNEO, ID_PISTA) values (56, 85);
insert into PISTA_TORNEO (ID_TORNEO, ID_PISTA) values (2, 38);
insert into PISTA_TORNEO (ID_TORNEO, ID_PISTA) values (57, 81);
insert into PISTA_TORNEO (ID_TORNEO, ID_PISTA) values (41, 55);
insert into PISTA_TORNEO (ID_TORNEO, ID_PISTA) values (96, 56);
insert into PISTA_TORNEO (ID_TORNEO, ID_PISTA) values (16, 87);
insert into PISTA_TORNEO (ID_TORNEO, ID_PISTA) values (5, 56);
insert into PISTA_TORNEO (ID_TORNEO, ID_PISTA) values (93, 42);
insert into PISTA_TORNEO (ID_TORNEO, ID_PISTA) values (69, 13);
insert into PISTA_TORNEO (ID_TORNEO, ID_PISTA) values (44, 73);
insert into PISTA_TORNEO (ID_TORNEO, ID_PISTA) values (74, 50);
insert into PISTA_TORNEO (ID_TORNEO, ID_PISTA) values (42, 72);
insert into PISTA_TORNEO (ID_TORNEO, ID_PISTA) values (6, 82);
insert into PISTA_TORNEO (ID_TORNEO, ID_PISTA) values (84, 17);
insert into PISTA_TORNEO (ID_TORNEO, ID_PISTA) values (16, 49);
insert into PISTA_TORNEO (ID_TORNEO, ID_PISTA) values (39, 51);
insert into PISTA_TORNEO (ID_TORNEO, ID_PISTA) values (87, 82);

-- INSERTS DE PISTA
DELETE FROM PISTA;

insert into PISTA (ID_PISTA, NOMBRE, AFORO, TERRENO, CIUDAD) values (1, 'Legaan, ground', 647, 'tierra batida', 'Unden');
insert into PISTA (ID_PISTA, NOMBRE, AFORO, TERRENO, CIUDAD) values (2, 'Possum, pygmy', 663, 'cesped', 'Antalaha');
insert into PISTA (ID_PISTA, NOMBRE, AFORO, TERRENO, CIUDAD) values (3, 'Two-toed sloth', 588, 'tierra batida', 'Jingcheng');
insert into PISTA (ID_PISTA, NOMBRE, AFORO, TERRENO, CIUDAD) values (4, 'Northern elephant seal', 868, 'dura', 'Daojiang');
insert into PISTA (ID_PISTA, NOMBRE, AFORO, TERRENO, CIUDAD) values (5, 'Mongoose, yellow', 397, 'tierra batida', 'Zaragoza');
insert into PISTA (ID_PISTA, NOMBRE, AFORO, TERRENO, CIUDAD) values (6, 'Sloth, two-toed', 820, 'cesped', 'Hamburg');
insert into PISTA (ID_PISTA, NOMBRE, AFORO, TERRENO, CIUDAD) values (7, 'Heron, boat-billed', 254, 'dura', 'Łubnice');
insert into PISTA (ID_PISTA, NOMBRE, AFORO, TERRENO, CIUDAD) values (8, 'Eagle, african fish', 195, 'tierra batida', 'Bebae');
insert into PISTA (ID_PISTA, NOMBRE, AFORO, TERRENO, CIUDAD) values (9, 'Echidna, short-beaked', 535, 'dura', 'Rive-de-Gier');
insert into PISTA (ID_PISTA, NOMBRE, AFORO, TERRENO, CIUDAD) values (10, 'Catfish, blue', 784, 'cesped', 'Beitan');
insert into PISTA (ID_PISTA, NOMBRE, AFORO, TERRENO, CIUDAD) values (11, 'Marabou stork', 717, 'tierra batida', 'Ágios Spyrídon');
insert into PISTA (ID_PISTA, NOMBRE, AFORO, TERRENO, CIUDAD) values (12, 'Sage hen', 970, 'cesped', 'Xinpo');
insert into PISTA (ID_PISTA, NOMBRE, AFORO, TERRENO, CIUDAD) values (13, 'Flycatcher, tyrant', 970, 'dura', 'Villa Nueva');
insert into PISTA (ID_PISTA, NOMBRE, AFORO, TERRENO, CIUDAD) values (14, 'American bighorn sheep', 756, 'cesped', 'Cajati');
insert into PISTA (ID_PISTA, NOMBRE, AFORO, TERRENO, CIUDAD) values (15, 'Cat, tiger', 422, 'cesped', 'Budapest');
insert into PISTA (ID_PISTA, NOMBRE, AFORO, TERRENO, CIUDAD) values (16, 'Paca', 978, 'cesped', 'Muricay');
insert into PISTA (ID_PISTA, NOMBRE, AFORO, TERRENO, CIUDAD) values (17, 'Civet, small-toothed palm', 806, 'cesped', 'Moyynkum');
insert into PISTA (ID_PISTA, NOMBRE, AFORO, TERRENO, CIUDAD) values (18, 'Trumpeter, dark-winged', 733, 'cesped', 'Pavia');
insert into PISTA (ID_PISTA, NOMBRE, AFORO, TERRENO, CIUDAD) values (19, 'Cat, tiger', 179, 'cesped', 'Vyborg');
insert into PISTA (ID_PISTA, NOMBRE, AFORO, TERRENO, CIUDAD) values (20, 'Moccasin, water', 325, 'tierra batida', 'Helin');
insert into PISTA (ID_PISTA, NOMBRE, AFORO, TERRENO, CIUDAD) values (21, 'Arctic ground squirrel', 705, 'tierra batida', 'Kosamphi Nakhon');
insert into PISTA (ID_PISTA, NOMBRE, AFORO, TERRENO, CIUDAD) values (22, 'Pocket gopher (unidentified)', 66, 'cesped', 'Na Klang');
insert into PISTA (ID_PISTA, NOMBRE, AFORO, TERRENO, CIUDAD) values (23, 'Tortoise, galapagos', 452, 'cesped', 'Jibu Hulangtu');
insert into PISTA (ID_PISTA, NOMBRE, AFORO, TERRENO, CIUDAD) values (24, 'Bear, grizzly', 139, 'cesped', 'Hamburg');
insert into PISTA (ID_PISTA, NOMBRE, AFORO, TERRENO, CIUDAD) values (25, 'Armadillo, nine-banded', 326, 'cesped', 'Filipstad');
insert into PISTA (ID_PISTA, NOMBRE, AFORO, TERRENO, CIUDAD) values (26, 'Yellow-billed hornbill', 587, 'tierra batida', 'Conqueiros');
insert into PISTA (ID_PISTA, NOMBRE, AFORO, TERRENO, CIUDAD) values (27, 'Baboon, yellow', 677, 'dura', 'Unisław');
insert into PISTA (ID_PISTA, NOMBRE, AFORO, TERRENO, CIUDAD) values (28, 'Goldeneye, barrows', 849, 'cesped', 'Nogueira do Cravo');
insert into PISTA (ID_PISTA, NOMBRE, AFORO, TERRENO, CIUDAD) values (29, 'Vulture, white-headed', 903, 'dura', 'Kaliterus');
insert into PISTA (ID_PISTA, NOMBRE, AFORO, TERRENO, CIUDAD) values (30, 'Yellow-headed caracara', 318, 'cesped', 'Arneiro');
insert into PISTA (ID_PISTA, NOMBRE, AFORO, TERRENO, CIUDAD) values (31, 'White-throated toucan', 193, 'tierra batida', 'Muesanaik');
insert into PISTA (ID_PISTA, NOMBRE, AFORO, TERRENO, CIUDAD) values (32, 'Burmese black mountain tortoise', 335, 'dura', 'La Paz de Oriente');
insert into PISTA (ID_PISTA, NOMBRE, AFORO, TERRENO, CIUDAD) values (33, 'Black spider monkey', 19, 'cesped', 'Xianshui');
insert into PISTA (ID_PISTA, NOMBRE, AFORO, TERRENO, CIUDAD) values (34, 'Egret, snowy', 952, 'tierra batida', 'Ongi');
insert into PISTA (ID_PISTA, NOMBRE, AFORO, TERRENO, CIUDAD) values (35, 'Ground legaan', 299, 'tierra batida', 'La Unión');
insert into PISTA (ID_PISTA, NOMBRE, AFORO, TERRENO, CIUDAD) values (36, 'Swainson''s francolin', 552, 'tierra batida', 'Xiangquan');
insert into PISTA (ID_PISTA, NOMBRE, AFORO, TERRENO, CIUDAD) values (37, 'Lesser double-collared sunbird', 765, 'cesped', 'Sunja');
insert into PISTA (ID_PISTA, NOMBRE, AFORO, TERRENO, CIUDAD) values (38, 'American crow', 613, 'dura', 'Maceo');
insert into PISTA (ID_PISTA, NOMBRE, AFORO, TERRENO, CIUDAD) values (39, 'Indian red admiral', 119, 'dura', 'Idalolong');
insert into PISTA (ID_PISTA, NOMBRE, AFORO, TERRENO, CIUDAD) values (40, 'Python (unidentified)', 238, 'dura', 'Jinchang');
insert into PISTA (ID_PISTA, NOMBRE, AFORO, TERRENO, CIUDAD) values (41, 'Duck, blue', 358, 'cesped', 'Veiga');
insert into PISTA (ID_PISTA, NOMBRE, AFORO, TERRENO, CIUDAD) values (42, 'Anteater, giant', 657, 'tierra batida', 'Rongdoi');
insert into PISTA (ID_PISTA, NOMBRE, AFORO, TERRENO, CIUDAD) values (43, 'Black-backed magpie', 535, 'dura', 'Tabonoc');
insert into PISTA (ID_PISTA, NOMBRE, AFORO, TERRENO, CIUDAD) values (44, 'Currasow (unidentified)', 631, 'dura', 'Huinca Renancó');
insert into PISTA (ID_PISTA, NOMBRE, AFORO, TERRENO, CIUDAD) values (45, 'Quoll, spotted-tailed', 946, 'dura', 'Jiabeiyan');
insert into PISTA (ID_PISTA, NOMBRE, AFORO, TERRENO, CIUDAD) values (46, 'Western lowland gorilla', 788, 'tierra batida', 'Créteil');
insert into PISTA (ID_PISTA, NOMBRE, AFORO, TERRENO, CIUDAD) values (47, 'Vulture, bengal', 760, 'tierra batida', 'Xinli');
insert into PISTA (ID_PISTA, NOMBRE, AFORO, TERRENO, CIUDAD) values (48, 'Boa, malagasy ground', 358, 'cesped', 'Xinjiebu');
insert into PISTA (ID_PISTA, NOMBRE, AFORO, TERRENO, CIUDAD) values (49, 'Stork, greater adjutant', 346, 'cesped', 'Dagua');
insert into PISTA (ID_PISTA, NOMBRE, AFORO, TERRENO, CIUDAD) values (50, 'Beaver, north american', 373, 'dura', 'Tuzha');
insert into PISTA (ID_PISTA, NOMBRE, AFORO, TERRENO, CIUDAD) values (51, 'Helmeted guinea fowl', 101, 'dura', 'Artur Nogueira');
insert into PISTA (ID_PISTA, NOMBRE, AFORO, TERRENO, CIUDAD) values (52, 'Swallow (unidentified)', 375, 'tierra batida', 'El Progreso');
insert into PISTA (ID_PISTA, NOMBRE, AFORO, TERRENO, CIUDAD) values (53, 'Falcon, peregrine', 884, 'tierra batida', 'Khulna');
insert into PISTA (ID_PISTA, NOMBRE, AFORO, TERRENO, CIUDAD) values (54, 'Peregrine falcon', 411, 'dura', 'Fenjie');
insert into PISTA (ID_PISTA, NOMBRE, AFORO, TERRENO, CIUDAD) values (55, 'Brush-tailed bettong', 139, 'tierra batida', 'Buenos Aires');
insert into PISTA (ID_PISTA, NOMBRE, AFORO, TERRENO, CIUDAD) values (56, 'Mourning collared dove', 567, 'tierra batida', 'Nelazskoye');
insert into PISTA (ID_PISTA, NOMBRE, AFORO, TERRENO, CIUDAD) values (57, 'Cat, native', 797, 'dura', 'San Roque');
insert into PISTA (ID_PISTA, NOMBRE, AFORO, TERRENO, CIUDAD) values (58, 'Galapagos tortoise', 925, 'dura', 'Muroto-misakicho');
insert into PISTA (ID_PISTA, NOMBRE, AFORO, TERRENO, CIUDAD) values (59, 'Baboon, yellow', 283, 'dura', 'Huabeitun');
insert into PISTA (ID_PISTA, NOMBRE, AFORO, TERRENO, CIUDAD) values (60, 'Galapagos sea lion', 640, 'tierra batida', 'Garmo');
insert into PISTA (ID_PISTA, NOMBRE, AFORO, TERRENO, CIUDAD) values (61, 'Chickadee, black-capped', 517, 'tierra batida', 'Hellevoetsluis');
insert into PISTA (ID_PISTA, NOMBRE, AFORO, TERRENO, CIUDAD) values (62, 'Yellow-bellied marmot', 668, 'dura', 'São Martinho do Campo');
insert into PISTA (ID_PISTA, NOMBRE, AFORO, TERRENO, CIUDAD) values (63, 'Brown brocket', 552, 'cesped', 'Pagak');
insert into PISTA (ID_PISTA, NOMBRE, AFORO, TERRENO, CIUDAD) values (64, 'Frilled lizard', 596, 'dura', 'Al Maḩallah al Kubrá');
insert into PISTA (ID_PISTA, NOMBRE, AFORO, TERRENO, CIUDAD) values (65, 'Lory, rainbow', 250, 'dura', 'Dalarik');
insert into PISTA (ID_PISTA, NOMBRE, AFORO, TERRENO, CIUDAD) values (66, 'Porcupine, north american', 312, 'dura', 'Gedera');
insert into PISTA (ID_PISTA, NOMBRE, AFORO, TERRENO, CIUDAD) values (67, 'Black-backed jackal', 110, 'dura', 'Los Cerrillos');
insert into PISTA (ID_PISTA, NOMBRE, AFORO, TERRENO, CIUDAD) values (68, 'Lion, mountain', 119, 'tierra batida', 'Middelburg');
insert into PISTA (ID_PISTA, NOMBRE, AFORO, TERRENO, CIUDAD) values (69, 'Coot, red-knobbed', 688, 'cesped', 'Renshan');
insert into PISTA (ID_PISTA, NOMBRE, AFORO, TERRENO, CIUDAD) values (70, 'Caracara (unidentified)', 518, 'dura', 'New York City');
insert into PISTA (ID_PISTA, NOMBRE, AFORO, TERRENO, CIUDAD) values (71, 'Heron, striated', 30, 'dura', 'Haokou');
insert into PISTA (ID_PISTA, NOMBRE, AFORO, TERRENO, CIUDAD) values (72, 'Rhinoceros, white', 447, 'dura', 'Urukh');
insert into PISTA (ID_PISTA, NOMBRE, AFORO, TERRENO, CIUDAD) values (73, 'Superb starling', 327, 'dura', 'Yangfang');
insert into PISTA (ID_PISTA, NOMBRE, AFORO, TERRENO, CIUDAD) values (74, 'Mountain lion', 987, 'cesped', 'Strellc i Epërm');
insert into PISTA (ID_PISTA, NOMBRE, AFORO, TERRENO, CIUDAD) values (75, 'Crested screamer', 262, 'dura', 'Al Maḩwīt');
insert into PISTA (ID_PISTA, NOMBRE, AFORO, TERRENO, CIUDAD) values (76, 'Heron, gray', 657, 'cesped', 'Wright');
insert into PISTA (ID_PISTA, NOMBRE, AFORO, TERRENO, CIUDAD) values (77, 'Jackal, golden', 44, 'cesped', 'Kalwaria Zebrzydowska');
insert into PISTA (ID_PISTA, NOMBRE, AFORO, TERRENO, CIUDAD) values (78, 'Fox, savanna', 584, 'tierra batida', 'Vulcan');
insert into PISTA (ID_PISTA, NOMBRE, AFORO, TERRENO, CIUDAD) values (79, 'Cheetah', 87, 'tierra batida', 'Ondo');
insert into PISTA (ID_PISTA, NOMBRE, AFORO, TERRENO, CIUDAD) values (80, 'Possum, common brushtail', 236, 'cesped', 'Levallois-Perret');
insert into PISTA (ID_PISTA, NOMBRE, AFORO, TERRENO, CIUDAD) values (81, 'Phalarope, red', 713, 'tierra batida', 'Oula Xiuma');
insert into PISTA (ID_PISTA, NOMBRE, AFORO, TERRENO, CIUDAD) values (82, 'Owl, madagascar hawk', 713, 'tierra batida', 'María la Baja');
insert into PISTA (ID_PISTA, NOMBRE, AFORO, TERRENO, CIUDAD) values (83, 'Mourning collared dove', 843, 'dura', 'Ronggui');
insert into PISTA (ID_PISTA, NOMBRE, AFORO, TERRENO, CIUDAD) values (84, 'Blesbok', 61, 'tierra batida', 'Chornorudka');
insert into PISTA (ID_PISTA, NOMBRE, AFORO, TERRENO, CIUDAD) values (85, 'Goose, snow', 75, 'cesped', 'Gaokan');
insert into PISTA (ID_PISTA, NOMBRE, AFORO, TERRENO, CIUDAD) values (86, 'Worm snake (unidentified)', 972, 'dura', 'Dayuan');
insert into PISTA (ID_PISTA, NOMBRE, AFORO, TERRENO, CIUDAD) values (87, 'Badger, honey', 999, 'cesped', 'Hujiagou');
insert into PISTA (ID_PISTA, NOMBRE, AFORO, TERRENO, CIUDAD) values (88, 'Indian giant squirrel', 411, 'tierra batida', 'Hancheng');
insert into PISTA (ID_PISTA, NOMBRE, AFORO, TERRENO, CIUDAD) values (89, 'Cormorant, javanese', 473, 'cesped', 'Kuala Lumpur');
insert into PISTA (ID_PISTA, NOMBRE, AFORO, TERRENO, CIUDAD) values (90, 'Ibis, glossy', 521, 'cesped', 'Ratoath');
insert into PISTA (ID_PISTA, NOMBRE, AFORO, TERRENO, CIUDAD) values (91, 'Bulbul, black-fronted', 127, 'tierra batida', 'Umeå');
insert into PISTA (ID_PISTA, NOMBRE, AFORO, TERRENO, CIUDAD) values (92, 'Pine snake (unidentified)', 419, 'cesped', 'Jalanbaru');
insert into PISTA (ID_PISTA, NOMBRE, AFORO, TERRENO, CIUDAD) values (93, 'South African hedgehog', 628, 'cesped', 'Bjärred');
insert into PISTA (ID_PISTA, NOMBRE, AFORO, TERRENO, CIUDAD) values (94, 'Long-billed corella', 128, 'dura', 'Todorovo');
insert into PISTA (ID_PISTA, NOMBRE, AFORO, TERRENO, CIUDAD) values (95, 'Stilt, black-winged', 474, 'tierra batida', 'Zaozerne');
insert into PISTA (ID_PISTA, NOMBRE, AFORO, TERRENO, CIUDAD) values (96, 'Badger, european', 705, 'tierra batida', 'Zavolzh’ye');
insert into PISTA (ID_PISTA, NOMBRE, AFORO, TERRENO, CIUDAD) values (97, 'Cheetah', 717, 'dura', 'Klagen');
insert into PISTA (ID_PISTA, NOMBRE, AFORO, TERRENO, CIUDAD) values (98, 'Black vulture', 884, 'dura', 'Huamachuco');
insert into PISTA (ID_PISTA, NOMBRE, AFORO, TERRENO, CIUDAD) values (99, 'Silver-backed jackal', 304, 'tierra batida', 'Ruma');
insert into PISTA (ID_PISTA, NOMBRE, AFORO, TERRENO, CIUDAD) values (100, 'Horned puffin', 466, 'cesped', 'Pingpu');

-- INSERTS DE TENISTA
DELETE FROM TENISTA;

insert into TENISTA (NUM_ATP, NOMBRE, APELLIDOS, FECHA_NACIMIENTO, SEXO, PAIS, NUM_LESIONES, ID_ENTRENADOR) values (1, 'Patricio', 'Poulson', '1993-06-16', 'Male', 'Argentina', 1, 9);
insert into TENISTA (NUM_ATP, NOMBRE, APELLIDOS, FECHA_NACIMIENTO, SEXO, PAIS, NUM_LESIONES, ID_ENTRENADOR) values (2, 'Denice', 'Baldrey', '1999-10-07', 'Female', 'Paraguay', 2, 44);
insert into TENISTA (NUM_ATP, NOMBRE, APELLIDOS, FECHA_NACIMIENTO, SEXO, PAIS, NUM_LESIONES, ID_ENTRENADOR) values (3, 'Tarra', 'Colliss', '1986-06-19', 'Female', 'China', 0, 84);
insert into TENISTA (NUM_ATP, NOMBRE, APELLIDOS, FECHA_NACIMIENTO, SEXO, PAIS, NUM_LESIONES, ID_ENTRENADOR) values (4, 'Herrick', 'Widocks', '1990-04-16', 'Male', 'Indonesia', 2, 51);
insert into TENISTA (NUM_ATP, NOMBRE, APELLIDOS, FECHA_NACIMIENTO, SEXO, PAIS, NUM_LESIONES, ID_ENTRENADOR) values (5, 'Gannon', 'Slyne', '1988-08-05', 'Male', 'Brazil', 3, 34);
insert into TENISTA (NUM_ATP, NOMBRE, APELLIDOS, FECHA_NACIMIENTO, SEXO, PAIS, NUM_LESIONES, ID_ENTRENADOR) values (6, 'Wakefield', 'Abbay', '1989-05-27', 'Male', 'Indonesia', 4, 60);
insert into TENISTA (NUM_ATP, NOMBRE, APELLIDOS, FECHA_NACIMIENTO, SEXO, PAIS, NUM_LESIONES, ID_ENTRENADOR) values (7, 'Lombard', 'Garman', '1990-10-18', 'Male', 'American Samoa', 4, 41);
insert into TENISTA (NUM_ATP, NOMBRE, APELLIDOS, FECHA_NACIMIENTO, SEXO, PAIS, NUM_LESIONES, ID_ENTRENADOR) values (8, 'Brittney', 'Lilley', '1987-12-27', 'Female', 'Russia', 3, 83);
insert into TENISTA (NUM_ATP, NOMBRE, APELLIDOS, FECHA_NACIMIENTO, SEXO, PAIS, NUM_LESIONES, ID_ENTRENADOR) values (9, 'Pieter', 'Mum', '1998-07-18', 'Male', 'Russia', 1, 98);
insert into TENISTA (NUM_ATP, NOMBRE, APELLIDOS, FECHA_NACIMIENTO, SEXO, PAIS, NUM_LESIONES, ID_ENTRENADOR) values (10, 'Bjorn', 'Ashdown', '1992-08-03', 'Male', 'Russia', 1, 95);
insert into TENISTA (NUM_ATP, NOMBRE, APELLIDOS, FECHA_NACIMIENTO, SEXO, PAIS, NUM_LESIONES, ID_ENTRENADOR) values (11, 'Farand', 'Nulty', '1998-10-25', 'Female', 'China', 0, 69);
insert into TENISTA (NUM_ATP, NOMBRE, APELLIDOS, FECHA_NACIMIENTO, SEXO, PAIS, NUM_LESIONES, ID_ENTRENADOR) values (12, 'Ludwig', 'Coye', '1997-05-01', 'Male', 'Madagascar', 0, 13);
insert into TENISTA (NUM_ATP, NOMBRE, APELLIDOS, FECHA_NACIMIENTO, SEXO, PAIS, NUM_LESIONES, ID_ENTRENADOR) values (13, 'Adi', 'Gland', '1992-07-17', 'Female', 'China', 4, 49);
insert into TENISTA (NUM_ATP, NOMBRE, APELLIDOS, FECHA_NACIMIENTO, SEXO, PAIS, NUM_LESIONES, ID_ENTRENADOR) values (14, 'Lynnette', 'Bugge', '1997-12-13', 'Female', 'Brazil', 4, 36);
insert into TENISTA (NUM_ATP, NOMBRE, APELLIDOS, FECHA_NACIMIENTO, SEXO, PAIS, NUM_LESIONES, ID_ENTRENADOR) values (15, 'Gretal', 'Guildford', '1989-12-08', 'Female', 'Peru', 3, 40);
insert into TENISTA (NUM_ATP, NOMBRE, APELLIDOS, FECHA_NACIMIENTO, SEXO, PAIS, NUM_LESIONES, ID_ENTRENADOR) values (16, 'Jeannette', 'Beernt', '1992-12-04', 'Female', 'Sweden', 1, 69);
insert into TENISTA (NUM_ATP, NOMBRE, APELLIDOS, FECHA_NACIMIENTO, SEXO, PAIS, NUM_LESIONES, ID_ENTRENADOR) values (17, 'Rodrick', 'Blunsum', '1988-01-08', 'Male', 'Ukraine', 0, 74);
insert into TENISTA (NUM_ATP, NOMBRE, APELLIDOS, FECHA_NACIMIENTO, SEXO, PAIS, NUM_LESIONES, ID_ENTRENADOR) values (18, 'Ansley', 'Enriquez', '1991-05-22', 'Female', 'Portugal', 1, 36);
insert into TENISTA (NUM_ATP, NOMBRE, APELLIDOS, FECHA_NACIMIENTO, SEXO, PAIS, NUM_LESIONES, ID_ENTRENADOR) values (19, 'Tadd', 'Neligan', '1988-03-05', 'Male', 'Slovenia', 4, 35);
insert into TENISTA (NUM_ATP, NOMBRE, APELLIDOS, FECHA_NACIMIENTO, SEXO, PAIS, NUM_LESIONES, ID_ENTRENADOR) values (20, 'Hilliard', 'Caves', '1985-07-10', 'Male', 'Poland', 1, 11);
insert into TENISTA (NUM_ATP, NOMBRE, APELLIDOS, FECHA_NACIMIENTO, SEXO, PAIS, NUM_LESIONES, ID_ENTRENADOR) values (21, 'Adelaide', 'Gosnall', '1990-10-10', 'Female', 'China', 5, 15);
insert into TENISTA (NUM_ATP, NOMBRE, APELLIDOS, FECHA_NACIMIENTO, SEXO, PAIS, NUM_LESIONES, ID_ENTRENADOR) values (22, 'Giuditta', 'Salisbury', '1988-10-03', 'Female', 'Czech Republic', 1, 52);
insert into TENISTA (NUM_ATP, NOMBRE, APELLIDOS, FECHA_NACIMIENTO, SEXO, PAIS, NUM_LESIONES, ID_ENTRENADOR) values (23, 'Thebault', 'Bleesing', '1994-07-05', 'Male', 'Indonesia', 4, 36);
insert into TENISTA (NUM_ATP, NOMBRE, APELLIDOS, FECHA_NACIMIENTO, SEXO, PAIS, NUM_LESIONES, ID_ENTRENADOR) values (24, 'Lalo', 'Steffans', '1999-09-23', 'Male', 'Uruguay', 5, 24);
insert into TENISTA (NUM_ATP, NOMBRE, APELLIDOS, FECHA_NACIMIENTO, SEXO, PAIS, NUM_LESIONES, ID_ENTRENADOR) values (25, 'Annora', 'Goodenough', '1985-09-07', 'Female', 'Greece', 2, 5);
insert into TENISTA (NUM_ATP, NOMBRE, APELLIDOS, FECHA_NACIMIENTO, SEXO, PAIS, NUM_LESIONES, ID_ENTRENADOR) values (26, 'Ewell', 'Hanssmann', '2001-05-08', 'Male', 'Bulgaria', 4, 59);
insert into TENISTA (NUM_ATP, NOMBRE, APELLIDOS, FECHA_NACIMIENTO, SEXO, PAIS, NUM_LESIONES, ID_ENTRENADOR) values (27, 'Lion', 'Boagey', '1987-01-31', 'Male', 'Indonesia', 4, 9);
insert into TENISTA (NUM_ATP, NOMBRE, APELLIDOS, FECHA_NACIMIENTO, SEXO, PAIS, NUM_LESIONES, ID_ENTRENADOR) values (28, 'Dorey', 'Goare', '1987-05-16', 'Male', 'Turkmenistan', 3, 50);
insert into TENISTA (NUM_ATP, NOMBRE, APELLIDOS, FECHA_NACIMIENTO, SEXO, PAIS, NUM_LESIONES, ID_ENTRENADOR) values (29, 'Verge', 'Blethin', '1999-02-07', 'Male', 'Indonesia', 1, 56);
insert into TENISTA (NUM_ATP, NOMBRE, APELLIDOS, FECHA_NACIMIENTO, SEXO, PAIS, NUM_LESIONES, ID_ENTRENADOR) values (30, 'Larry', 'Van den Hof', '1989-12-04', 'Male', 'Philippines', 1, 34);
insert into TENISTA (NUM_ATP, NOMBRE, APELLIDOS, FECHA_NACIMIENTO, SEXO, PAIS, NUM_LESIONES, ID_ENTRENADOR) values (31, 'Loni', 'Wemyss', '2001-04-04', 'Female', 'Paraguay', 5, 77);
insert into TENISTA (NUM_ATP, NOMBRE, APELLIDOS, FECHA_NACIMIENTO, SEXO, PAIS, NUM_LESIONES, ID_ENTRENADOR) values (32, 'Davida', 'Huitt', '1987-01-04', 'Female', 'Philippines', 1, 25);
insert into TENISTA (NUM_ATP, NOMBRE, APELLIDOS, FECHA_NACIMIENTO, SEXO, PAIS, NUM_LESIONES, ID_ENTRENADOR) values (33, 'Peggie', 'Bister', '1992-03-26', 'Female', 'Thailand', 3, 28);
insert into TENISTA (NUM_ATP, NOMBRE, APELLIDOS, FECHA_NACIMIENTO, SEXO, PAIS, NUM_LESIONES, ID_ENTRENADOR) values (34, 'Cassey', 'Dach', '1995-09-16', 'Female', 'Finland', 2, 80);
insert into TENISTA (NUM_ATP, NOMBRE, APELLIDOS, FECHA_NACIMIENTO, SEXO, PAIS, NUM_LESIONES, ID_ENTRENADOR) values (35, 'Tannie', 'Pauluzzi', '1994-02-11', 'Male', 'Reunion', 0, 7);
insert into TENISTA (NUM_ATP, NOMBRE, APELLIDOS, FECHA_NACIMIENTO, SEXO, PAIS, NUM_LESIONES, ID_ENTRENADOR) values (36, 'Valaria', 'Claypool', '1993-04-28', 'Female', 'China', 1, 11);
insert into TENISTA (NUM_ATP, NOMBRE, APELLIDOS, FECHA_NACIMIENTO, SEXO, PAIS, NUM_LESIONES, ID_ENTRENADOR) values (37, 'Queenie', 'Binge', '1990-01-20', 'Female', 'Japan', 1, 33);
insert into TENISTA (NUM_ATP, NOMBRE, APELLIDOS, FECHA_NACIMIENTO, SEXO, PAIS, NUM_LESIONES, ID_ENTRENADOR) values (38, 'Geno', 'Beddard', '1999-03-17', 'Male', 'Indonesia', 2, 82);
insert into TENISTA (NUM_ATP, NOMBRE, APELLIDOS, FECHA_NACIMIENTO, SEXO, PAIS, NUM_LESIONES, ID_ENTRENADOR) values (39, 'Catherine', 'Pidduck', '1999-05-07', 'Female', 'Thailand', 5, 49);
insert into TENISTA (NUM_ATP, NOMBRE, APELLIDOS, FECHA_NACIMIENTO, SEXO, PAIS, NUM_LESIONES, ID_ENTRENADOR) values (40, 'Hayden', 'Worlock', '1989-09-22', 'Male', 'China', 3, 29);
insert into TENISTA (NUM_ATP, NOMBRE, APELLIDOS, FECHA_NACIMIENTO, SEXO, PAIS, NUM_LESIONES, ID_ENTRENADOR) values (41, 'Chev', 'Purchall', '1987-04-04', 'Male', 'Indonesia', 1, 39);
insert into TENISTA (NUM_ATP, NOMBRE, APELLIDOS, FECHA_NACIMIENTO, SEXO, PAIS, NUM_LESIONES, ID_ENTRENADOR) values (42, 'Kliment', 'Bullcock', '2001-10-07', 'Male', 'Russia', 3, 95);
insert into TENISTA (NUM_ATP, NOMBRE, APELLIDOS, FECHA_NACIMIENTO, SEXO, PAIS, NUM_LESIONES, ID_ENTRENADOR) values (43, 'Annadiana', 'Hallybone', '1985-04-23', 'Female', 'Sweden', 4, 97);
insert into TENISTA (NUM_ATP, NOMBRE, APELLIDOS, FECHA_NACIMIENTO, SEXO, PAIS, NUM_LESIONES, ID_ENTRENADOR) values (44, 'Cherish', 'Leak', '1992-12-03', 'Female', 'Palestinian Territory', 4, 63);
insert into TENISTA (NUM_ATP, NOMBRE, APELLIDOS, FECHA_NACIMIENTO, SEXO, PAIS, NUM_LESIONES, ID_ENTRENADOR) values (45, 'Jaimie', 'Labbet', '1994-03-02', 'Male', 'France', 5, 50);
insert into TENISTA (NUM_ATP, NOMBRE, APELLIDOS, FECHA_NACIMIENTO, SEXO, PAIS, NUM_LESIONES, ID_ENTRENADOR) values (46, 'Urbano', 'Skelding', '1988-08-15', 'Male', 'Finland', 4, 81);
insert into TENISTA (NUM_ATP, NOMBRE, APELLIDOS, FECHA_NACIMIENTO, SEXO, PAIS, NUM_LESIONES, ID_ENTRENADOR) values (47, 'Loleta', 'Donalson', '1985-06-02', 'Female', 'United Kingdom', 3, 30);
insert into TENISTA (NUM_ATP, NOMBRE, APELLIDOS, FECHA_NACIMIENTO, SEXO, PAIS, NUM_LESIONES, ID_ENTRENADOR) values (48, 'Chip', 'Eymer', '1986-12-05', 'Male', 'Indonesia', 2, 52);
insert into TENISTA (NUM_ATP, NOMBRE, APELLIDOS, FECHA_NACIMIENTO, SEXO, PAIS, NUM_LESIONES, ID_ENTRENADOR) values (49, 'Theadora', 'Ghidotti', '1999-01-06', 'Female', 'China', 4, 36);
insert into TENISTA (NUM_ATP, NOMBRE, APELLIDOS, FECHA_NACIMIENTO, SEXO, PAIS, NUM_LESIONES, ID_ENTRENADOR) values (50, 'Timotheus', 'Luscott', '1997-07-16', 'Male', 'China', 0, 36);
insert into TENISTA (NUM_ATP, NOMBRE, APELLIDOS, FECHA_NACIMIENTO, SEXO, PAIS, NUM_LESIONES, ID_ENTRENADOR) values (51, 'Artemis', 'Poff', '1990-08-01', 'Male', 'Afghanistan', 3, 49);
insert into TENISTA (NUM_ATP, NOMBRE, APELLIDOS, FECHA_NACIMIENTO, SEXO, PAIS, NUM_LESIONES, ID_ENTRENADOR) values (52, 'Chelsea', 'Killingworth', '1987-03-21', 'Female', 'Morocco', 3, 32);
insert into TENISTA (NUM_ATP, NOMBRE, APELLIDOS, FECHA_NACIMIENTO, SEXO, PAIS, NUM_LESIONES, ID_ENTRENADOR) values (53, 'Ole', 'Letessier', '1989-03-21', 'Male', 'Philippines', 4, 1);
insert into TENISTA (NUM_ATP, NOMBRE, APELLIDOS, FECHA_NACIMIENTO, SEXO, PAIS, NUM_LESIONES, ID_ENTRENADOR) values (54, 'Annalise', 'Labusch', '1990-11-30', 'Female', 'Germany', 0, 41);
insert into TENISTA (NUM_ATP, NOMBRE, APELLIDOS, FECHA_NACIMIENTO, SEXO, PAIS, NUM_LESIONES, ID_ENTRENADOR) values (55, 'Kaye', 'Jaulmes', '1997-12-08', 'Female', 'Indonesia', 5, 33);
insert into TENISTA (NUM_ATP, NOMBRE, APELLIDOS, FECHA_NACIMIENTO, SEXO, PAIS, NUM_LESIONES, ID_ENTRENADOR) values (56, 'Brion', 'Lewin', '1991-01-31', 'Male', 'Afghanistan', 4, 97);
insert into TENISTA (NUM_ATP, NOMBRE, APELLIDOS, FECHA_NACIMIENTO, SEXO, PAIS, NUM_LESIONES, ID_ENTRENADOR) values (57, 'Mirella', 'Sykes', '1987-07-16', 'Female', 'Canada', 2, 84);
insert into TENISTA (NUM_ATP, NOMBRE, APELLIDOS, FECHA_NACIMIENTO, SEXO, PAIS, NUM_LESIONES, ID_ENTRENADOR) values (58, 'Augusto', 'Eldritt', '1987-01-15', 'Male', 'Brazil', 5, 5);
insert into TENISTA (NUM_ATP, NOMBRE, APELLIDOS, FECHA_NACIMIENTO, SEXO, PAIS, NUM_LESIONES, ID_ENTRENADOR) values (59, 'Gerta', 'Haydock', '2000-02-28', 'Female', 'China', 1, 25);
insert into TENISTA (NUM_ATP, NOMBRE, APELLIDOS, FECHA_NACIMIENTO, SEXO, PAIS, NUM_LESIONES, ID_ENTRENADOR) values (60, 'Tate', 'Poltone', '2001-06-26', 'Male', 'Uruguay', 2, 16);
insert into TENISTA (NUM_ATP, NOMBRE, APELLIDOS, FECHA_NACIMIENTO, SEXO, PAIS, NUM_LESIONES, ID_ENTRENADOR) values (61, 'Perle', 'Yeoman', '1998-07-01', 'Female', 'China', 4, 77);
insert into TENISTA (NUM_ATP, NOMBRE, APELLIDOS, FECHA_NACIMIENTO, SEXO, PAIS, NUM_LESIONES, ID_ENTRENADOR) values (62, 'Vidovic', 'Garfoot', '1998-10-05', 'Male', 'Indonesia', 5, 21);
insert into TENISTA (NUM_ATP, NOMBRE, APELLIDOS, FECHA_NACIMIENTO, SEXO, PAIS, NUM_LESIONES, ID_ENTRENADOR) values (63, 'Bobbie', 'Butterworth', '1994-03-20', 'Male', 'Philippines', 3, 7);
insert into TENISTA (NUM_ATP, NOMBRE, APELLIDOS, FECHA_NACIMIENTO, SEXO, PAIS, NUM_LESIONES, ID_ENTRENADOR) values (64, 'Ebenezer', 'Cufley', '1998-04-27', 'Male', 'Kenya', 4, 74);
insert into TENISTA (NUM_ATP, NOMBRE, APELLIDOS, FECHA_NACIMIENTO, SEXO, PAIS, NUM_LESIONES, ID_ENTRENADOR) values (65, 'Tommy', 'Penke', '1987-09-11', 'Male', 'China', 2, 81);
insert into TENISTA (NUM_ATP, NOMBRE, APELLIDOS, FECHA_NACIMIENTO, SEXO, PAIS, NUM_LESIONES, ID_ENTRENADOR) values (66, 'Annabela', 'Hawket', '1988-03-26', 'Female', 'China', 0, 43);
insert into TENISTA (NUM_ATP, NOMBRE, APELLIDOS, FECHA_NACIMIENTO, SEXO, PAIS, NUM_LESIONES, ID_ENTRENADOR) values (67, 'Barris', 'Commucci', '1986-03-04', 'Male', 'Slovenia', 5, 63);
insert into TENISTA (NUM_ATP, NOMBRE, APELLIDOS, FECHA_NACIMIENTO, SEXO, PAIS, NUM_LESIONES, ID_ENTRENADOR) values (68, 'Samuele', 'Parks', '1998-11-20', 'Male', 'France', 1, 1);
insert into TENISTA (NUM_ATP, NOMBRE, APELLIDOS, FECHA_NACIMIENTO, SEXO, PAIS, NUM_LESIONES, ID_ENTRENADOR) values (69, 'Kenna', 'Broddle', '2001-03-22', 'Female', 'Honduras', 3, 78);
insert into TENISTA (NUM_ATP, NOMBRE, APELLIDOS, FECHA_NACIMIENTO, SEXO, PAIS, NUM_LESIONES, ID_ENTRENADOR) values (70, 'Petr', 'Glinde', '1992-05-27', 'Male', 'United States', 5, 27);
insert into TENISTA (NUM_ATP, NOMBRE, APELLIDOS, FECHA_NACIMIENTO, SEXO, PAIS, NUM_LESIONES, ID_ENTRENADOR) values (71, 'Jermain', 'Berkowitz', '1987-01-28', 'Male', 'Brazil', 4, 96);
insert into TENISTA (NUM_ATP, NOMBRE, APELLIDOS, FECHA_NACIMIENTO, SEXO, PAIS, NUM_LESIONES, ID_ENTRENADOR) values (72, 'Tito', 'Mico', '1990-11-09', 'Male', 'Ecuador', 3, 24);
insert into TENISTA (NUM_ATP, NOMBRE, APELLIDOS, FECHA_NACIMIENTO, SEXO, PAIS, NUM_LESIONES, ID_ENTRENADOR) values (73, 'Howard', 'Salkild', '1995-08-28', 'Male', 'Thailand', 3, 74);
insert into TENISTA (NUM_ATP, NOMBRE, APELLIDOS, FECHA_NACIMIENTO, SEXO, PAIS, NUM_LESIONES, ID_ENTRENADOR) values (74, 'Roseanne', 'Ackhurst', '1998-06-22', 'Female', 'China', 3, 75);
insert into TENISTA (NUM_ATP, NOMBRE, APELLIDOS, FECHA_NACIMIENTO, SEXO, PAIS, NUM_LESIONES, ID_ENTRENADOR) values (75, 'Abrahan', 'Bartomeu', '1992-07-15', 'Male', 'China', 4, 37);
insert into TENISTA (NUM_ATP, NOMBRE, APELLIDOS, FECHA_NACIMIENTO, SEXO, PAIS, NUM_LESIONES, ID_ENTRENADOR) values (76, 'Nikki', 'Channing', '1995-01-12', 'Male', 'Ecuador', 2, 41);
insert into TENISTA (NUM_ATP, NOMBRE, APELLIDOS, FECHA_NACIMIENTO, SEXO, PAIS, NUM_LESIONES, ID_ENTRENADOR) values (77, 'Dara', 'Kemish', '1994-03-06', 'Female', 'China', 3, 87);
insert into TENISTA (NUM_ATP, NOMBRE, APELLIDOS, FECHA_NACIMIENTO, SEXO, PAIS, NUM_LESIONES, ID_ENTRENADOR) values (78, 'Emory', 'Shorbrook', '1996-01-28', 'Male', 'Portugal', 5, 10);
insert into TENISTA (NUM_ATP, NOMBRE, APELLIDOS, FECHA_NACIMIENTO, SEXO, PAIS, NUM_LESIONES, ID_ENTRENADOR) values (79, 'Ilka', 'Linder', '1990-06-08', 'Female', 'Indonesia', 4, 57);
insert into TENISTA (NUM_ATP, NOMBRE, APELLIDOS, FECHA_NACIMIENTO, SEXO, PAIS, NUM_LESIONES, ID_ENTRENADOR) values (80, 'Opalina', 'Juares', '1992-06-14', 'Female', 'China', 4, 16);
insert into TENISTA (NUM_ATP, NOMBRE, APELLIDOS, FECHA_NACIMIENTO, SEXO, PAIS, NUM_LESIONES, ID_ENTRENADOR) values (81, 'Odie', 'Cutten', '2000-08-05', 'Male', 'China', 0, 2);
insert into TENISTA (NUM_ATP, NOMBRE, APELLIDOS, FECHA_NACIMIENTO, SEXO, PAIS, NUM_LESIONES, ID_ENTRENADOR) values (82, 'Avery', 'Adney', '1989-05-11', 'Male', 'Indonesia', 3, 31);
insert into TENISTA (NUM_ATP, NOMBRE, APELLIDOS, FECHA_NACIMIENTO, SEXO, PAIS, NUM_LESIONES, ID_ENTRENADOR) values (83, 'Lamond', 'Plinck', '1997-03-09', 'Male', 'United States', 1, 49);
insert into TENISTA (NUM_ATP, NOMBRE, APELLIDOS, FECHA_NACIMIENTO, SEXO, PAIS, NUM_LESIONES, ID_ENTRENADOR) values (84, 'Marcelle', 'Emmens', '1997-01-17', 'Female', 'Philippines', 4, 10);
insert into TENISTA (NUM_ATP, NOMBRE, APELLIDOS, FECHA_NACIMIENTO, SEXO, PAIS, NUM_LESIONES, ID_ENTRENADOR) values (85, 'Berk', 'Yusupov', '1993-01-19', 'Male', 'Philippines', 5, 38);
insert into TENISTA (NUM_ATP, NOMBRE, APELLIDOS, FECHA_NACIMIENTO, SEXO, PAIS, NUM_LESIONES, ID_ENTRENADOR) values (86, 'Matteo', 'McCorkell', '1996-08-07', 'Male', 'Sweden', 0, 22);
insert into TENISTA (NUM_ATP, NOMBRE, APELLIDOS, FECHA_NACIMIENTO, SEXO, PAIS, NUM_LESIONES, ID_ENTRENADOR) values (87, 'Kristos', 'Newtown', '2001-06-01', 'Male', 'United States', 0, 22);
insert into TENISTA (NUM_ATP, NOMBRE, APELLIDOS, FECHA_NACIMIENTO, SEXO, PAIS, NUM_LESIONES, ID_ENTRENADOR) values (88, 'Martyn', 'Del Checolo', '1997-07-12', 'Male', 'China', 1, 14);
insert into TENISTA (NUM_ATP, NOMBRE, APELLIDOS, FECHA_NACIMIENTO, SEXO, PAIS, NUM_LESIONES, ID_ENTRENADOR) values (89, 'Mollie', 'Ovey', '1995-04-07', 'Female', 'Azerbaijan', 4, 13);
insert into TENISTA (NUM_ATP, NOMBRE, APELLIDOS, FECHA_NACIMIENTO, SEXO, PAIS, NUM_LESIONES, ID_ENTRENADOR) values (90, 'Atlanta', 'Camacho', '1997-11-21', 'Female', 'Greece', 2, 8);
insert into TENISTA (NUM_ATP, NOMBRE, APELLIDOS, FECHA_NACIMIENTO, SEXO, PAIS, NUM_LESIONES, ID_ENTRENADOR) values (91, 'Charity', 'Bauchop', '1986-04-19', 'Female', 'Belarus', 5, 63);
insert into TENISTA (NUM_ATP, NOMBRE, APELLIDOS, FECHA_NACIMIENTO, SEXO, PAIS, NUM_LESIONES, ID_ENTRENADOR) values (92, 'Collete', 'Mortel', '1992-10-21', 'Female', 'Peru', 2, 60);
insert into TENISTA (NUM_ATP, NOMBRE, APELLIDOS, FECHA_NACIMIENTO, SEXO, PAIS, NUM_LESIONES, ID_ENTRENADOR) values (93, 'Dov', 'Tschirschky', '2000-05-11', 'Male', 'Poland', 2, 26);
insert into TENISTA (NUM_ATP, NOMBRE, APELLIDOS, FECHA_NACIMIENTO, SEXO, PAIS, NUM_LESIONES, ID_ENTRENADOR) values (94, 'Abba', 'Quantick', '1988-08-12', 'Male', 'Indonesia', 5, 54);
insert into TENISTA (NUM_ATP, NOMBRE, APELLIDOS, FECHA_NACIMIENTO, SEXO, PAIS, NUM_LESIONES, ID_ENTRENADOR) values (95, 'Arliene', 'Hurry', '1990-04-22', 'Female', 'Indonesia', 3, 11);
insert into TENISTA (NUM_ATP, NOMBRE, APELLIDOS, FECHA_NACIMIENTO, SEXO, PAIS, NUM_LESIONES, ID_ENTRENADOR) values (96, 'Wallie', 'Giovannardi', '1994-09-16', 'Male', 'United States', 2, 5);
insert into TENISTA (NUM_ATP, NOMBRE, APELLIDOS, FECHA_NACIMIENTO, SEXO, PAIS, NUM_LESIONES, ID_ENTRENADOR) values (97, 'Osborne', 'Russo', '1995-03-04', 'Male', 'Guatemala', 5, 9);
insert into TENISTA (NUM_ATP, NOMBRE, APELLIDOS, FECHA_NACIMIENTO, SEXO, PAIS, NUM_LESIONES, ID_ENTRENADOR) values (98, 'Ingaberg', 'Vignal', '1988-08-01', 'Female', 'Greece', 4, 88);
insert into TENISTA (NUM_ATP, NOMBRE, APELLIDOS, FECHA_NACIMIENTO, SEXO, PAIS, NUM_LESIONES, ID_ENTRENADOR) values (99, 'Mireille', 'Birkmyre', '1993-09-26', 'Female', 'Sweden', 3, 83);
insert into TENISTA (NUM_ATP, NOMBRE, APELLIDOS, FECHA_NACIMIENTO, SEXO, PAIS, NUM_LESIONES, ID_ENTRENADOR) values (100, 'Temple', 'Kleiner', '1989-07-13', 'Male', 'Portugal', 5, 21);

-- INSERTS DE TENISTAENTRENADOR
DELETE FROM TENISTAENTRENADOR;
insert into TENISTAENTRENADOR (idTenista, idEntrenador, entrenoDesde, entrenoHasta) values (81, 23, '2006-12-29', '2017-04-20');
insert into TENISTAENTRENADOR (idTenista, idEntrenador, entrenoDesde, entrenoHasta) values (65, 17, '2011-03-07', '2015-09-12');
insert into TENISTAENTRENADOR (idTenista, idEntrenador, entrenoDesde, entrenoHasta) values (84, 6, '2010-09-06', '2016-10-28');
insert into TENISTAENTRENADOR (idTenista, idEntrenador, entrenoDesde, entrenoHasta) values (56, 6, '2009-01-03', '2016-03-24');
insert into TENISTAENTRENADOR (idTenista, idEntrenador, entrenoDesde, entrenoHasta) values (34, 21, '2009-04-14', '2018-04-27');
insert into TENISTAENTRENADOR (idTenista, idEntrenador, entrenoDesde, entrenoHasta) values (57, 97, '2008-05-05', '2018-06-27');
insert into TENISTAENTRENADOR (idTenista, idEntrenador, entrenoDesde, entrenoHasta) values (68, 19, '2005-09-06', '2014-04-13');
insert into TENISTAENTRENADOR (idTenista, idEntrenador, entrenoDesde, entrenoHasta) values (41, 71, '2010-07-05', '2016-08-28');
insert into TENISTAENTRENADOR (idTenista, idEntrenador, entrenoDesde, entrenoHasta) values (18, 27, '2011-10-09', '2014-12-11');
insert into TENISTAENTRENADOR (idTenista, idEntrenador, entrenoDesde, entrenoHasta) values (11, 95, '2007-05-01', '2014-02-26');
insert into TENISTAENTRENADOR (idTenista, idEntrenador, entrenoDesde, entrenoHasta) values (67, 91, '2011-05-28', '2015-07-17');
insert into TENISTAENTRENADOR (idTenista, idEntrenador, entrenoDesde, entrenoHasta) values (22, 96, '2008-08-11', '2014-05-26');
insert into TENISTAENTRENADOR (idTenista, idEntrenador, entrenoDesde, entrenoHasta) values (76, 37, '2007-11-27', '2014-06-30');
insert into TENISTAENTRENADOR (idTenista, idEntrenador, entrenoDesde, entrenoHasta) values (43, 36, '2006-12-02', '2018-04-18');
insert into TENISTAENTRENADOR (idTenista, idEntrenador, entrenoDesde, entrenoHasta) values (98, 37, '2009-04-28', '2015-06-27');
insert into TENISTAENTRENADOR (idTenista, idEntrenador, entrenoDesde, entrenoHasta) values (72, 40, '2010-08-19', '2016-12-21');
insert into TENISTAENTRENADOR (idTenista, idEntrenador, entrenoDesde, entrenoHasta) values (8, 35, '2006-07-11', '2014-08-18');
insert into TENISTAENTRENADOR (idTenista, idEntrenador, entrenoDesde, entrenoHasta) values (87, 70, '2009-04-07', '2013-06-13');
insert into TENISTAENTRENADOR (idTenista, idEntrenador, entrenoDesde, entrenoHasta) values (48, 34, '2012-02-28', '2013-06-11');
insert into TENISTAENTRENADOR (idTenista, idEntrenador, entrenoDesde, entrenoHasta) values (76, 10, '2005-11-02', '2018-04-04');
insert into TENISTAENTRENADOR (idTenista, idEntrenador, entrenoDesde, entrenoHasta) values (90, 47, '2007-05-03', '2016-02-28');
insert into TENISTAENTRENADOR (idTenista, idEntrenador, entrenoDesde, entrenoHasta) values (3, 17, '2006-05-14', '2017-08-13');
insert into TENISTAENTRENADOR (idTenista, idEntrenador, entrenoDesde, entrenoHasta) values (40, 50, '2009-06-23', '2019-03-18');
insert into TENISTAENTRENADOR (idTenista, idEntrenador, entrenoDesde, entrenoHasta) values (61, 63, '2008-05-29', '2013-08-11');
insert into TENISTAENTRENADOR (idTenista, idEntrenador, entrenoDesde, entrenoHasta) values (78, 73, '2006-10-28', '2016-04-20');
insert into TENISTAENTRENADOR (idTenista, idEntrenador, entrenoDesde, entrenoHasta) values (3, 23, '2010-01-13', '2013-06-03');
insert into TENISTAENTRENADOR (idTenista, idEntrenador, entrenoDesde, entrenoHasta) values (23, 84, '2010-02-18', '2015-09-16');
insert into TENISTAENTRENADOR (idTenista, idEntrenador, entrenoDesde, entrenoHasta) values (28, 27, '2011-10-15', '2016-06-30');
insert into TENISTAENTRENADOR (idTenista, idEntrenador, entrenoDesde, entrenoHasta) values (32, 18, '2011-03-08', '2015-09-07');
insert into TENISTAENTRENADOR (idTenista, idEntrenador, entrenoDesde, entrenoHasta) values (5, 85, '2008-04-07', '2019-01-02');
insert into TENISTAENTRENADOR (idTenista, idEntrenador, entrenoDesde, entrenoHasta) values (17, 88, '2005-07-28', '2017-10-02');
insert into TENISTAENTRENADOR (idTenista, idEntrenador, entrenoDesde, entrenoHasta) values (59, 53, '2009-02-23', '2016-03-21');
insert into TENISTAENTRENADOR (idTenista, idEntrenador, entrenoDesde, entrenoHasta) values (99, 71, '2006-10-15', '2013-07-22');
insert into TENISTAENTRENADOR (idTenista, idEntrenador, entrenoDesde, entrenoHasta) values (11, 60, '2009-09-29', '2018-09-02');
insert into TENISTAENTRENADOR (idTenista, idEntrenador, entrenoDesde, entrenoHasta) values (64, 51, '2006-09-17', '2015-04-04');
insert into TENISTAENTRENADOR (idTenista, idEntrenador, entrenoDesde, entrenoHasta) values (62, 85, '2007-01-21', '2016-06-20');
insert into TENISTAENTRENADOR (idTenista, idEntrenador, entrenoDesde, entrenoHasta) values (14, 85, '2008-02-23', '2015-02-15');
insert into TENISTAENTRENADOR (idTenista, idEntrenador, entrenoDesde, entrenoHasta) values (79, 9, '2008-08-11', '2014-07-25');
insert into TENISTAENTRENADOR (idTenista, idEntrenador, entrenoDesde, entrenoHasta) values (46, 97, '2008-02-01', '2015-08-23');
insert into TENISTAENTRENADOR (idTenista, idEntrenador, entrenoDesde, entrenoHasta) values (59, 81, '2008-07-17', '2013-11-01');
insert into TENISTAENTRENADOR (idTenista, idEntrenador, entrenoDesde, entrenoHasta) values (1, 37, '2009-06-12', '2017-08-12');
insert into TENISTAENTRENADOR (idTenista, idEntrenador, entrenoDesde, entrenoHasta) values (54, 95, '2010-03-20', '2015-05-01');
insert into TENISTAENTRENADOR (idTenista, idEntrenador, entrenoDesde, entrenoHasta) values (46, 87, '2011-10-05', '2016-10-31');
insert into TENISTAENTRENADOR (idTenista, idEntrenador, entrenoDesde, entrenoHasta) values (72, 90, '2011-12-29', '2014-06-19');
insert into TENISTAENTRENADOR (idTenista, idEntrenador, entrenoDesde, entrenoHasta) values (98, 88, '2005-09-18', '2018-09-03');
insert into TENISTAENTRENADOR (idTenista, idEntrenador, entrenoDesde, entrenoHasta) values (7, 77, '2011-06-29', '2014-07-07');
insert into TENISTAENTRENADOR (idTenista, idEntrenador, entrenoDesde, entrenoHasta) values (80, 54, '2007-01-21', '2017-03-30');
insert into TENISTAENTRENADOR (idTenista, idEntrenador, entrenoDesde, entrenoHasta) values (72, 74, '2006-02-08', '2017-02-28');
insert into TENISTAENTRENADOR (idTenista, idEntrenador, entrenoDesde, entrenoHasta) values (33, 95, '2008-09-29', '2016-07-08');
insert into TENISTAENTRENADOR (idTenista, idEntrenador, entrenoDesde, entrenoHasta) values (21, 84, '2009-02-03', '2017-12-14');
insert into TENISTAENTRENADOR (idTenista, idEntrenador, entrenoDesde, entrenoHasta) values (84, 58, '2011-06-10', '2017-12-21');
insert into TENISTAENTRENADOR (idTenista, idEntrenador, entrenoDesde, entrenoHasta) values (44, 99, '2005-10-17', '2018-12-05');
insert into TENISTAENTRENADOR (idTenista, idEntrenador, entrenoDesde, entrenoHasta) values (36, 67, '2011-07-05', '2018-04-19');
insert into TENISTAENTRENADOR (idTenista, idEntrenador, entrenoDesde, entrenoHasta) values (8, 46, '2010-02-24', '2017-02-04');
insert into TENISTAENTRENADOR (idTenista, idEntrenador, entrenoDesde, entrenoHasta) values (67, 29, '2012-03-25', '2018-05-15');
insert into TENISTAENTRENADOR (idTenista, idEntrenador, entrenoDesde, entrenoHasta) values (39, 92, '2009-04-26', '2016-09-07');
insert into TENISTAENTRENADOR (idTenista, idEntrenador, entrenoDesde, entrenoHasta) values (6, 95, '2010-07-16', '2018-04-08');
insert into TENISTAENTRENADOR (idTenista, idEntrenador, entrenoDesde, entrenoHasta) values (69, 52, '2011-01-11', '2014-07-04');
insert into TENISTAENTRENADOR (idTenista, idEntrenador, entrenoDesde, entrenoHasta) values (99, 97, '2007-02-22', '2018-07-31');
insert into TENISTAENTRENADOR (idTenista, idEntrenador, entrenoDesde, entrenoHasta) values (49, 46, '2010-05-14', '2019-04-10');
insert into TENISTAENTRENADOR (idTenista, idEntrenador, entrenoDesde, entrenoHasta) values (24, 24, '2011-01-23', '2014-12-01');
insert into TENISTAENTRENADOR (idTenista, idEntrenador, entrenoDesde, entrenoHasta) values (80, 75, '2008-09-28', '2015-05-31');
insert into TENISTAENTRENADOR (idTenista, idEntrenador, entrenoDesde, entrenoHasta) values (39, 62, '2007-10-07', '2017-06-30');
insert into TENISTAENTRENADOR (idTenista, idEntrenador, entrenoDesde, entrenoHasta) values (56, 36, '2011-08-25', '2016-03-25');
insert into TENISTAENTRENADOR (idTenista, idEntrenador, entrenoDesde, entrenoHasta) values (100, 49, '2010-07-04', '2016-04-29');
insert into TENISTAENTRENADOR (idTenista, idEntrenador, entrenoDesde, entrenoHasta) values (90, 51, '2006-04-16', '2013-06-09');
insert into TENISTAENTRENADOR (idTenista, idEntrenador, entrenoDesde, entrenoHasta) values (11, 51, '2008-04-26', '2013-06-09');
insert into TENISTAENTRENADOR (idTenista, idEntrenador, entrenoDesde, entrenoHasta) values (96, 81, '2010-02-11', '2018-09-23');
insert into TENISTAENTRENADOR (idTenista, idEntrenador, entrenoDesde, entrenoHasta) values (63, 67, '2006-08-23', '2013-05-24');
insert into TENISTAENTRENADOR (idTenista, idEntrenador, entrenoDesde, entrenoHasta) values (26, 36, '2005-10-28', '2018-01-09');
insert into TENISTAENTRENADOR (idTenista, idEntrenador, entrenoDesde, entrenoHasta) values (64, 49, '2008-06-24', '2016-01-25');
insert into TENISTAENTRENADOR (idTenista, idEntrenador, entrenoDesde, entrenoHasta) values (3, 99, '2009-06-21', '2016-11-27');
insert into TENISTAENTRENADOR (idTenista, idEntrenador, entrenoDesde, entrenoHasta) values (24, 84, '2008-11-27', '2017-09-03');
insert into TENISTAENTRENADOR (idTenista, idEntrenador, entrenoDesde, entrenoHasta) values (29, 75, '2009-05-09', '2018-07-11');
insert into TENISTAENTRENADOR (idTenista, idEntrenador, entrenoDesde, entrenoHasta) values (44, 46, '2011-08-02', '2016-12-06');
insert into TENISTAENTRENADOR (idTenista, idEntrenador, entrenoDesde, entrenoHasta) values (37, 50, '2006-10-21', '2013-05-27');
insert into TENISTAENTRENADOR (idTenista, idEntrenador, entrenoDesde, entrenoHasta) values (88, 52, '2011-07-27', '2014-04-14');
insert into TENISTAENTRENADOR (idTenista, idEntrenador, entrenoDesde, entrenoHasta) values (49, 87, '2011-05-07', '2018-06-24');
insert into TENISTAENTRENADOR (idTenista, idEntrenador, entrenoDesde, entrenoHasta) values (15, 79, '2007-04-27', '2013-06-02');
insert into TENISTAENTRENADOR (idTenista, idEntrenador, entrenoDesde, entrenoHasta) values (26, 46, '2007-01-13', '2018-09-05');
insert into TENISTAENTRENADOR (idTenista, idEntrenador, entrenoDesde, entrenoHasta) values (73, 85, '2010-01-28', '2017-04-25');
insert into TENISTAENTRENADOR (idTenista, idEntrenador, entrenoDesde, entrenoHasta) values (24, 32, '2011-01-15', '2014-07-12');
insert into TENISTAENTRENADOR (idTenista, idEntrenador, entrenoDesde, entrenoHasta) values (45, 72, '2006-11-01', '2014-03-16');
insert into TENISTAENTRENADOR (idTenista, idEntrenador, entrenoDesde, entrenoHasta) values (25, 93, '2006-02-20', '2014-12-29');
insert into TENISTAENTRENADOR (idTenista, idEntrenador, entrenoDesde, entrenoHasta) values (85, 36, '2007-11-12', '2015-10-14');
insert into TENISTAENTRENADOR (idTenista, idEntrenador, entrenoDesde, entrenoHasta) values (45, 7, '2008-07-07', '2017-05-02');
insert into TENISTAENTRENADOR (idTenista, idEntrenador, entrenoDesde, entrenoHasta) values (17, 75, '2005-05-05', '2014-03-16');
insert into TENISTAENTRENADOR (idTenista, idEntrenador, entrenoDesde, entrenoHasta) values (68, 39, '2005-09-18', '2013-10-26');
insert into TENISTAENTRENADOR (idTenista, idEntrenador, entrenoDesde, entrenoHasta) values (34, 95, '2008-05-06', '2016-11-06');
insert into TENISTAENTRENADOR (idTenista, idEntrenador, entrenoDesde, entrenoHasta) values (37, 36, '2011-10-05', '2019-02-02');
insert into TENISTAENTRENADOR (idTenista, idEntrenador, entrenoDesde, entrenoHasta) values (66, 36, '2009-11-08', '2018-07-17');
insert into TENISTAENTRENADOR (idTenista, idEntrenador, entrenoDesde, entrenoHasta) values (21, 87, '2007-10-13', '2017-06-04');
insert into TENISTAENTRENADOR (idTenista, idEntrenador, entrenoDesde, entrenoHasta) values (29, 47, '2011-08-31', '2013-11-17');
insert into TENISTAENTRENADOR (idTenista, idEntrenador, entrenoDesde, entrenoHasta) values (88, 14, '2006-04-26', '2016-07-29');
insert into TENISTAENTRENADOR (idTenista, idEntrenador, entrenoDesde, entrenoHasta) values (9, 92, '2007-04-16', '2019-02-07');
insert into TENISTAENTRENADOR (idTenista, idEntrenador, entrenoDesde, entrenoHasta) values (26, 99, '2009-07-24', '2013-11-01');
insert into TENISTAENTRENADOR (idTenista, idEntrenador, entrenoDesde, entrenoHasta) values (18, 90, '2008-06-01', '2015-01-06');
insert into TENISTAENTRENADOR (idTenista, idEntrenador, entrenoDesde, entrenoHasta) values (17, 35, '2010-05-17', '2016-03-19');
insert into TENISTAENTRENADOR (idTenista, idEntrenador, entrenoDesde, entrenoHasta) values (98, 89, '2010-10-10', '2013-07-14');
insert into TENISTAENTRENADOR (idTenista, idEntrenador, entrenoDesde, entrenoHasta) values (4, 48, '2007-10-21', '2016-06-25');
insert into TENISTAENTRENADOR (idTenista, idEntrenador, entrenoDesde, entrenoHasta) values (68, 85, '2007-02-08', '2014-05-16');
insert into TENISTAENTRENADOR (idTenista, idEntrenador, entrenoDesde, entrenoHasta) values (25, 1, '2009-07-09', '2013-06-07');
insert into TENISTAENTRENADOR (idTenista, idEntrenador, entrenoDesde, entrenoHasta) values (54, 28, '2010-03-19', '2017-01-29');
insert into TENISTAENTRENADOR (idTenista, idEntrenador, entrenoDesde, entrenoHasta) values (90, 11, '2005-10-18', '2018-10-18');
insert into TENISTAENTRENADOR (idTenista, idEntrenador, entrenoDesde, entrenoHasta) values (92, 88, '2010-04-23', '2013-06-15');
insert into TENISTAENTRENADOR (idTenista, idEntrenador, entrenoDesde, entrenoHasta) values (18, 76, '2010-05-02', '2015-12-11');
insert into TENISTAENTRENADOR (idTenista, idEntrenador, entrenoDesde, entrenoHasta) values (37, 56, '2009-12-14', '2013-08-17');
insert into TENISTAENTRENADOR (idTenista, idEntrenador, entrenoDesde, entrenoHasta) values (15, 32, '2006-08-27', '2013-05-19');
insert into TENISTAENTRENADOR (idTenista, idEntrenador, entrenoDesde, entrenoHasta) values (43, 45, '2011-02-04', '2014-12-11');
insert into TENISTAENTRENADOR (idTenista, idEntrenador, entrenoDesde, entrenoHasta) values (56, 48, '2005-08-27', '2016-09-17');
insert into TENISTAENTRENADOR (idTenista, idEntrenador, entrenoDesde, entrenoHasta) values (23, 74, '2009-01-29', '2017-07-29');
insert into TENISTAENTRENADOR (idTenista, idEntrenador, entrenoDesde, entrenoHasta) values (11, 6, '2008-05-19', '2013-11-17');
insert into TENISTAENTRENADOR (idTenista, idEntrenador, entrenoDesde, entrenoHasta) values (71, 10, '2007-06-11', '2015-09-30');
insert into TENISTAENTRENADOR (idTenista, idEntrenador, entrenoDesde, entrenoHasta) values (78, 36, '2010-02-05', '2013-10-31');
insert into TENISTAENTRENADOR (idTenista, idEntrenador, entrenoDesde, entrenoHasta) values (56, 55, '2007-05-25', '2016-01-18');
insert into TENISTAENTRENADOR (idTenista, idEntrenador, entrenoDesde, entrenoHasta) values (72, 87, '2005-11-27', '2016-08-15');
insert into TENISTAENTRENADOR (idTenista, idEntrenador, entrenoDesde, entrenoHasta) values (67, 39, '2006-11-24', '2016-10-15');
insert into TENISTAENTRENADOR (idTenista, idEntrenador, entrenoDesde, entrenoHasta) values (42, 63, '2009-05-19', '2017-12-02');
insert into TENISTAENTRENADOR (idTenista, idEntrenador, entrenoDesde, entrenoHasta) values (11, 58, '2009-12-13', '2013-12-28');
insert into TENISTAENTRENADOR (idTenista, idEntrenador, entrenoDesde, entrenoHasta) values (36, 84, '2010-09-06', '2017-10-21');
insert into TENISTAENTRENADOR (idTenista, idEntrenador, entrenoDesde, entrenoHasta) values (43, 64, '2009-04-21', '2016-02-11');
insert into TENISTAENTRENADOR (idTenista, idEntrenador, entrenoDesde, entrenoHasta) values (85, 87, '2010-01-21', '2016-01-29');
insert into TENISTAENTRENADOR (idTenista, idEntrenador, entrenoDesde, entrenoHasta) values (98, 32, '2012-03-08', '2015-03-29');
insert into TENISTAENTRENADOR (idTenista, idEntrenador, entrenoDesde, entrenoHasta) values (20, 23, '2006-12-20', '2018-03-16');
insert into TENISTAENTRENADOR (idTenista, idEntrenador, entrenoDesde, entrenoHasta) values (57, 4, '2011-12-26', '2013-06-06');
insert into TENISTAENTRENADOR (idTenista, idEntrenador, entrenoDesde, entrenoHasta) values (95, 18, '2011-11-09', '2016-04-04');
insert into TENISTAENTRENADOR (idTenista, idEntrenador, entrenoDesde, entrenoHasta) values (63, 17, '2008-10-11', '2017-02-27');
insert into TENISTAENTRENADOR (idTenista, idEntrenador, entrenoDesde, entrenoHasta) values (75, 40, '2010-06-16', '2014-05-05');
insert into TENISTAENTRENADOR (idTenista, idEntrenador, entrenoDesde, entrenoHasta) values (68, 14, '2006-10-28', '2016-08-24');
insert into TENISTAENTRENADOR (idTenista, idEntrenador, entrenoDesde, entrenoHasta) values (37, 77, '2006-01-02', '2013-07-27');
insert into TENISTAENTRENADOR (idTenista, idEntrenador, entrenoDesde, entrenoHasta) values (9, 69, '2010-12-20', '2018-09-12');
insert into TENISTAENTRENADOR (idTenista, idEntrenador, entrenoDesde, entrenoHasta) values (49, 100, '2008-04-30', '2014-10-11');
insert into TENISTAENTRENADOR (idTenista, idEntrenador, entrenoDesde, entrenoHasta) values (71, 12, '2012-01-03', '2017-02-08');
insert into TENISTAENTRENADOR (idTenista, idEntrenador, entrenoDesde, entrenoHasta) values (97, 10, '2010-06-20', '2013-05-30');
insert into TENISTAENTRENADOR (idTenista, idEntrenador, entrenoDesde, entrenoHasta) values (81, 91, '2011-06-16', '2016-12-14');
insert into TENISTAENTRENADOR (idTenista, idEntrenador, entrenoDesde, entrenoHasta) values (76, 3, '2005-12-11', '2015-04-27');
insert into TENISTAENTRENADOR (idTenista, idEntrenador, entrenoDesde, entrenoHasta) values (15, 64, '2009-05-29', '2016-03-26');
insert into TENISTAENTRENADOR (idTenista, idEntrenador, entrenoDesde, entrenoHasta) values (85, 34, '2011-12-23', '2014-07-28');
insert into TENISTAENTRENADOR (idTenista, idEntrenador, entrenoDesde, entrenoHasta) values (98, 97, '2011-01-21', '2015-02-13');
insert into TENISTAENTRENADOR (idTenista, idEntrenador, entrenoDesde, entrenoHasta) values (39, 8, '2010-05-02', '2016-05-09');
insert into TENISTAENTRENADOR (idTenista, idEntrenador, entrenoDesde, entrenoHasta) values (21, 83, '2011-05-06', '2017-12-26');
insert into TENISTAENTRENADOR (idTenista, idEntrenador, entrenoDesde, entrenoHasta) values (69, 8, '2009-10-24', '2015-03-26');
insert into TENISTAENTRENADOR (idTenista, idEntrenador, entrenoDesde, entrenoHasta) values (88, 46, '2011-05-13', '2015-12-17');
insert into TENISTAENTRENADOR (idTenista, idEntrenador, entrenoDesde, entrenoHasta) values (52, 95, '2011-01-06', '2016-02-06');
insert into TENISTAENTRENADOR (idTenista, idEntrenador, entrenoDesde, entrenoHasta) values (93, 50, '2006-01-26', '2015-05-08');
insert into TENISTAENTRENADOR (idTenista, idEntrenador, entrenoDesde, entrenoHasta) values (59, 4, '2010-05-06', '2015-08-04');
insert into TENISTAENTRENADOR (idTenista, idEntrenador, entrenoDesde, entrenoHasta) values (66, 70, '2009-01-06', '2015-05-30');
insert into TENISTAENTRENADOR (idTenista, idEntrenador, entrenoDesde, entrenoHasta) values (27, 78, '2006-07-12', '2018-06-25');
insert into TENISTAENTRENADOR (idTenista, idEntrenador, entrenoDesde, entrenoHasta) values (21, 24, '2008-08-24', '2018-07-26');
insert into TENISTAENTRENADOR (idTenista, idEntrenador, entrenoDesde, entrenoHasta) values (10, 74, '2010-02-13', '2018-07-09');
insert into TENISTAENTRENADOR (idTenista, idEntrenador, entrenoDesde, entrenoHasta) values (62, 57, '2006-11-12', '2018-11-08');
insert into TENISTAENTRENADOR (idTenista, idEntrenador, entrenoDesde, entrenoHasta) values (77, 97, '2008-07-13', '2018-02-23');
insert into TENISTAENTRENADOR (idTenista, idEntrenador, entrenoDesde, entrenoHasta) values (69, 89, '2006-06-01', '2015-12-28');
insert into TENISTAENTRENADOR (idTenista, idEntrenador, entrenoDesde, entrenoHasta) values (23, 47, '2006-08-13', '2018-11-10');
insert into TENISTAENTRENADOR (idTenista, idEntrenador, entrenoDesde, entrenoHasta) values (83, 85, '2008-06-18', '2017-05-19');
insert into TENISTAENTRENADOR (idTenista, idEntrenador, entrenoDesde, entrenoHasta) values (2, 41, '2006-11-07', '2015-02-07');
insert into TENISTAENTRENADOR (idTenista, idEntrenador, entrenoDesde, entrenoHasta) values (59, 5, '2010-01-25', '2019-03-26');
insert into TENISTAENTRENADOR (idTenista, idEntrenador, entrenoDesde, entrenoHasta) values (91, 73, '2011-06-30', '2013-09-18');
insert into TENISTAENTRENADOR (idTenista, idEntrenador, entrenoDesde, entrenoHasta) values (94, 65, '2008-07-17', '2014-08-01');
insert into TENISTAENTRENADOR (idTenista, idEntrenador, entrenoDesde, entrenoHasta) values (91, 98, '2009-02-04', '2017-02-21');
insert into TENISTAENTRENADOR (idTenista, idEntrenador, entrenoDesde, entrenoHasta) values (28, 73, '2005-07-18', '2013-09-15');
insert into TENISTAENTRENADOR (idTenista, idEntrenador, entrenoDesde, entrenoHasta) values (91, 57, '2006-04-04', '2014-02-10');
insert into TENISTAENTRENADOR (idTenista, idEntrenador, entrenoDesde, entrenoHasta) values (42, 4, '2012-01-21', '2019-03-13');
insert into TENISTAENTRENADOR (idTenista, idEntrenador, entrenoDesde, entrenoHasta) values (54, 88, '2011-03-24', '2013-06-21');
insert into TENISTAENTRENADOR (idTenista, idEntrenador, entrenoDesde, entrenoHasta) values (8, 78, '2010-02-22', '2016-03-13');
insert into TENISTAENTRENADOR (idTenista, idEntrenador, entrenoDesde, entrenoHasta) values (97, 84, '2011-04-29', '2015-08-24');
insert into TENISTAENTRENADOR (idTenista, idEntrenador, entrenoDesde, entrenoHasta) values (6, 3, '2009-04-30', '2019-02-10');
insert into TENISTAENTRENADOR (idTenista, idEntrenador, entrenoDesde, entrenoHasta) values (1, 30, '2010-05-09', '2017-02-25');
insert into TENISTAENTRENADOR (idTenista, idEntrenador, entrenoDesde, entrenoHasta) values (23, 19, '2011-06-17', '2015-02-14');
insert into TENISTAENTRENADOR (idTenista, idEntrenador, entrenoDesde, entrenoHasta) values (53, 96, '2007-02-15', '2015-03-14');
insert into TENISTAENTRENADOR (idTenista, idEntrenador, entrenoDesde, entrenoHasta) values (91, 22, '2010-02-26', '2014-10-16');
insert into TENISTAENTRENADOR (idTenista, idEntrenador, entrenoDesde, entrenoHasta) values (28, 9, '2008-12-18', '2014-05-18');
insert into TENISTAENTRENADOR (idTenista, idEntrenador, entrenoDesde, entrenoHasta) values (95, 28, '2010-09-17', '2018-05-03');
insert into TENISTAENTRENADOR (idTenista, idEntrenador, entrenoDesde, entrenoHasta) values (40, 35, '2005-05-19', '2017-01-12');
insert into TENISTAENTRENADOR (idTenista, idEntrenador, entrenoDesde, entrenoHasta) values (77, 32, '2008-05-15', '2018-09-18');
insert into TENISTAENTRENADOR (idTenista, idEntrenador, entrenoDesde, entrenoHasta) values (62, 98, '2011-05-30', '2018-01-10');
insert into TENISTAENTRENADOR (idTenista, idEntrenador, entrenoDesde, entrenoHasta) values (22, 62, '2010-03-30', '2015-03-24');
insert into TENISTAENTRENADOR (idTenista, idEntrenador, entrenoDesde, entrenoHasta) values (86, 56, '2010-05-23', '2017-05-06');
insert into TENISTAENTRENADOR (idTenista, idEntrenador, entrenoDesde, entrenoHasta) values (98, 38, '2010-07-30', '2016-07-15');
insert into TENISTAENTRENADOR (idTenista, idEntrenador, entrenoDesde, entrenoHasta) values (86, 55, '2011-08-19', '2013-06-19');
insert into TENISTAENTRENADOR (idTenista, idEntrenador, entrenoDesde, entrenoHasta) values (50, 72, '2007-02-23', '2018-07-12');
insert into TENISTAENTRENADOR (idTenista, idEntrenador, entrenoDesde, entrenoHasta) values (55, 8, '2009-01-30', '2017-03-02');
insert into TENISTAENTRENADOR (idTenista, idEntrenador, entrenoDesde, entrenoHasta) values (51, 89, '2006-03-06', '2018-03-20');
insert into TENISTAENTRENADOR (idTenista, idEntrenador, entrenoDesde, entrenoHasta) values (53, 31, '2011-06-20', '2018-05-09');
insert into TENISTAENTRENADOR (idTenista, idEntrenador, entrenoDesde, entrenoHasta) values (73, 32, '2008-10-06', '2016-07-07');
insert into TENISTAENTRENADOR (idTenista, idEntrenador, entrenoDesde, entrenoHasta) values (37, 30, '2008-02-03', '2015-01-01');
insert into TENISTAENTRENADOR (idTenista, idEntrenador, entrenoDesde, entrenoHasta) values (72, 97, '2008-03-18', '2017-12-04');
insert into TENISTAENTRENADOR (idTenista, idEntrenador, entrenoDesde, entrenoHasta) values (99, 33, '2010-06-28', '2014-11-28');
insert into TENISTAENTRENADOR (idTenista, idEntrenador, entrenoDesde, entrenoHasta) values (86, 44, '2011-12-10', '2017-11-22');
insert into TENISTAENTRENADOR (idTenista, idEntrenador, entrenoDesde, entrenoHasta) values (86, 52, '2007-02-03', '2016-12-11');
insert into TENISTAENTRENADOR (idTenista, idEntrenador, entrenoDesde, entrenoHasta) values (9, 56, '2008-03-12', '2015-04-02');
insert into TENISTAENTRENADOR (idTenista, idEntrenador, entrenoDesde, entrenoHasta) values (15, 37, '2012-02-07', '2019-02-18');
insert into TENISTAENTRENADOR (idTenista, idEntrenador, entrenoDesde, entrenoHasta) values (44, 84, '2008-08-04', '2017-10-31');
insert into TENISTAENTRENADOR (idTenista, idEntrenador, entrenoDesde, entrenoHasta) values (63, 82, '2007-09-25', '2018-12-09');
insert into TENISTAENTRENADOR (idTenista, idEntrenador, entrenoDesde, entrenoHasta) values (54, 59, '2009-02-01', '2018-04-18');
insert into TENISTAENTRENADOR (idTenista, idEntrenador, entrenoDesde, entrenoHasta) values (25, 68, '2009-11-26', '2017-01-03');
insert into TENISTAENTRENADOR (idTenista, idEntrenador, entrenoDesde, entrenoHasta) values (46, 4, '2006-12-08', '2018-05-01');
insert into TENISTAENTRENADOR (idTenista, idEntrenador, entrenoDesde, entrenoHasta) values (74, 66, '2010-03-08', '2016-10-11');
insert into TENISTAENTRENADOR (idTenista, idEntrenador, entrenoDesde, entrenoHasta) values (58, 52, '2012-03-08', '2014-02-22');
insert into TENISTAENTRENADOR (idTenista, idEntrenador, entrenoDesde, entrenoHasta) values (69, 46, '2007-11-05', '2014-02-02');
insert into TENISTAENTRENADOR (idTenista, idEntrenador, entrenoDesde, entrenoHasta) values (27, 90, '2010-05-06', '2013-09-28');


-- INSERTS DE TORNEO
DELETE FROM TORNEO;

insert into TORNEO (ID_TORNEO, NOMBRE, LOCALIZACION, FECHA_INICIO, FECHA_FIN, TEMPORADA_REG, PREMIUM) values (1, 'Open', 'China', '2017-11-04', '2018-03-14', 'S', 'N');
insert into TORNEO (ID_TORNEO, NOMBRE, LOCALIZACION, FECHA_INICIO, FECHA_FIN, TEMPORADA_REG, PREMIUM) values (2, 'Open', 'Sierra Leone', '2017-11-25', '2018-03-09', 'N', 'S');
insert into TORNEO (ID_TORNEO, NOMBRE, LOCALIZACION, FECHA_INICIO, FECHA_FIN, TEMPORADA_REG, PREMIUM) values (3, 'Masters', 'China', '2017-12-21', '2018-03-15', 'S', 'S');
insert into TORNEO (ID_TORNEO, NOMBRE, LOCALIZACION, FECHA_INICIO, FECHA_FIN, TEMPORADA_REG, PREMIUM) values (4, 'Open', 'Vietnam', '2019-11-19', '2018-03-23', 'S', 'N');
insert into TORNEO (ID_TORNEO, NOMBRE, LOCALIZACION, FECHA_INICIO, FECHA_FIN, TEMPORADA_REG, PREMIUM) values (5, 'Open', 'Portugal', '2017-10-12', '2018-03-12', 'S', 'S');
insert into TORNEO (ID_TORNEO, NOMBRE, LOCALIZACION, FECHA_INICIO, FECHA_FIN, TEMPORADA_REG, PREMIUM) values (6, 'Masters', 'China', '2017-10-01', '2018-03-02', 'S', 'N');
insert into TORNEO (ID_TORNEO, NOMBRE, LOCALIZACION, FECHA_INICIO, FECHA_FIN, TEMPORADA_REG, PREMIUM) values (7, 'Open', 'Peru', '2017-11-11', '2018-03-29', 'N', 'S');
insert into TORNEO (ID_TORNEO, NOMBRE, LOCALIZACION, FECHA_INICIO, FECHA_FIN, TEMPORADA_REG, PREMIUM) values (8, 'Open', 'Indonesia', '2017-11-13', '2018-03-29', 'N', 'N');
insert into TORNEO (ID_TORNEO, NOMBRE, LOCALIZACION, FECHA_INICIO, FECHA_FIN, TEMPORADA_REG, PREMIUM) values (9, 'Open', 'Indonesia', '2017-12-13', '2016-03-02', 'S', 'S');
insert into TORNEO (ID_TORNEO, NOMBRE, LOCALIZACION, FECHA_INICIO, FECHA_FIN, TEMPORADA_REG, PREMIUM) values (10, 'Open', 'China', '2017-12-22', '2018-03-11', 'N', 'S');
insert into TORNEO (ID_TORNEO, NOMBRE, LOCALIZACION, FECHA_INICIO, FECHA_FIN, TEMPORADA_REG, PREMIUM) values (11, 'Open', 'Colombia', '2017-11-13', '2018-03-01', 'S', 'S');
insert into TORNEO (ID_TORNEO, NOMBRE, LOCALIZACION, FECHA_INICIO, FECHA_FIN, TEMPORADA_REG, PREMIUM) values (12, 'Masters', 'Colombia', '2017-12-27', '2018-03-08', 'N', 'N');
insert into TORNEO (ID_TORNEO, NOMBRE, LOCALIZACION, FECHA_INICIO, FECHA_FIN, TEMPORADA_REG, PREMIUM) values (13, 'Masters', 'Thailand', '2017-12-21', '2018-03-23', 'S', 'N');
insert into TORNEO (ID_TORNEO, NOMBRE, LOCALIZACION, FECHA_INICIO, FECHA_FIN, TEMPORADA_REG, PREMIUM) values (14, 'Open', 'Thailand', '2017-11-16', '2018-03-20', 'S', 'N');
insert into TORNEO (ID_TORNEO, NOMBRE, LOCALIZACION, FECHA_INICIO, FECHA_FIN, TEMPORADA_REG, PREMIUM) values (15, 'Open', 'Peru', '2017-11-01', '2017-03-16', 'N', 'S');
insert into TORNEO (ID_TORNEO, NOMBRE, LOCALIZACION, FECHA_INICIO, FECHA_FIN, TEMPORADA_REG, PREMIUM) values (16, 'Masters', 'Indonesia', '2017-10-02', '2018-03-30', 'N', 'S');
insert into TORNEO (ID_TORNEO, NOMBRE, LOCALIZACION, FECHA_INICIO, FECHA_FIN, TEMPORADA_REG, PREMIUM) values (17, 'Open', 'Nigeria', '2017-12-04', '2018-03-11', 'S', 'N');
insert into TORNEO (ID_TORNEO, NOMBRE, LOCALIZACION, FECHA_INICIO, FECHA_FIN, TEMPORADA_REG, PREMIUM) values (18, 'Masters', 'Brazil', '2019-11-16', '2018-03-19', 'N', 'S');
insert into TORNEO (ID_TORNEO, NOMBRE, LOCALIZACION, FECHA_INICIO, FECHA_FIN, TEMPORADA_REG, PREMIUM) values (19, 'Masters', 'China', '2017-11-07', '2018-03-01', 'S', 'N');
insert into TORNEO (ID_TORNEO, NOMBRE, LOCALIZACION, FECHA_INICIO, FECHA_FIN, TEMPORADA_REG, PREMIUM) values (20, 'Open', 'Thailand', '2017-10-13', '2018-03-16', 'S', 'S');
insert into TORNEO (ID_TORNEO, NOMBRE, LOCALIZACION, FECHA_INICIO, FECHA_FIN, TEMPORADA_REG, PREMIUM) values (21, 'Open', 'China', '2017-11-12', '2018-03-16', 'S', 'S');
insert into TORNEO (ID_TORNEO, NOMBRE, LOCALIZACION, FECHA_INICIO, FECHA_FIN, TEMPORADA_REG, PREMIUM) values (22, 'Open', 'Ireland', '2017-10-05', '2018-03-10', 'N', 'N');
insert into TORNEO (ID_TORNEO, NOMBRE, LOCALIZACION, FECHA_INICIO, FECHA_FIN, TEMPORADA_REG, PREMIUM) values (23, 'Open', 'Czech Republic', '2017-11-23', '2018-03-28', 'N', 'N');
insert into TORNEO (ID_TORNEO, NOMBRE, LOCALIZACION, FECHA_INICIO, FECHA_FIN, TEMPORADA_REG, PREMIUM) values (24, 'Masters', 'Indonesia', '2017-11-19', '2018-03-30', 'S', 'N');
insert into TORNEO (ID_TORNEO, NOMBRE, LOCALIZACION, FECHA_INICIO, FECHA_FIN, TEMPORADA_REG, PREMIUM) values (25, 'Open', 'Sweden', '2017-10-09', '2018-03-02', 'N', 'N');
insert into TORNEO (ID_TORNEO, NOMBRE, LOCALIZACION, FECHA_INICIO, FECHA_FIN, TEMPORADA_REG, PREMIUM) values (26, 'Masters', 'Belize', '2017-10-24', '2018-03-24', 'S', 'N');
insert into TORNEO (ID_TORNEO, NOMBRE, LOCALIZACION, FECHA_INICIO, FECHA_FIN, TEMPORADA_REG, PREMIUM) values (27, 'Open', 'China', '2017-12-25', '2018-03-26', 'S', 'S');
insert into TORNEO (ID_TORNEO, NOMBRE, LOCALIZACION, FECHA_INICIO, FECHA_FIN, TEMPORADA_REG, PREMIUM) values (28, 'Open', 'France', '2017-11-02', '2018-03-12', 'N', 'S');
insert into TORNEO (ID_TORNEO, NOMBRE, LOCALIZACION, FECHA_INICIO, FECHA_FIN, TEMPORADA_REG, PREMIUM) values (29, 'Open', 'China', '2019-10-09', '2018-03-07', 'N', 'S');
insert into TORNEO (ID_TORNEO, NOMBRE, LOCALIZACION, FECHA_INICIO, FECHA_FIN, TEMPORADA_REG, PREMIUM) values (30, 'Open', 'Albania', '2017-12-14', '2018-03-04', 'N', 'S');
insert into TORNEO (ID_TORNEO, NOMBRE, LOCALIZACION, FECHA_INICIO, FECHA_FIN, TEMPORADA_REG, PREMIUM) values (31, 'Masters', 'Guatemala', '2017-12-17', '2018-03-09', 'S', 'S');
insert into TORNEO (ID_TORNEO, NOMBRE, LOCALIZACION, FECHA_INICIO, FECHA_FIN, TEMPORADA_REG, PREMIUM) values (32, 'Masters', 'Finland', '2017-10-15', '2018-03-02', 'S', 'S');
insert into TORNEO (ID_TORNEO, NOMBRE, LOCALIZACION, FECHA_INICIO, FECHA_FIN, TEMPORADA_REG, PREMIUM) values (33, 'Open', 'South Korea', '2017-10-20', '2018-03-27', 'N', 'S');
insert into TORNEO (ID_TORNEO, NOMBRE, LOCALIZACION, FECHA_INICIO, FECHA_FIN, TEMPORADA_REG, PREMIUM) values (34, 'Masters', 'China', '2018-10-27', '2018-03-27', 'S', 'N');
insert into TORNEO (ID_TORNEO, NOMBRE, LOCALIZACION, FECHA_INICIO, FECHA_FIN, TEMPORADA_REG, PREMIUM) values (35, 'Open', 'Egypt', '2017-11-11', '2018-03-02', 'N', 'N');
insert into TORNEO (ID_TORNEO, NOMBRE, LOCALIZACION, FECHA_INICIO, FECHA_FIN, TEMPORADA_REG, PREMIUM) values (36, 'Open', 'Venezuela', '2017-12-01', '2018-03-27', 'N', 'N');
insert into TORNEO (ID_TORNEO, NOMBRE, LOCALIZACION, FECHA_INICIO, FECHA_FIN, TEMPORADA_REG, PREMIUM) values (37, 'Masters', 'Paraguay', '2017-12-22', '2018-03-05', 'S', 'S');
insert into TORNEO (ID_TORNEO, NOMBRE, LOCALIZACION, FECHA_INICIO, FECHA_FIN, TEMPORADA_REG, PREMIUM) values (38, 'Masters', 'Russia', '2017-11-17', '2018-03-05', 'N', 'S');
insert into TORNEO (ID_TORNEO, NOMBRE, LOCALIZACION, FECHA_INICIO, FECHA_FIN, TEMPORADA_REG, PREMIUM) values (39, 'Masters', 'Russia', '2017-12-25', '2018-03-23', 'N', 'N');
insert into TORNEO (ID_TORNEO, NOMBRE, LOCALIZACION, FECHA_INICIO, FECHA_FIN, TEMPORADA_REG, PREMIUM) values (40, 'Masters', 'Russia', '2017-10-27', '2018-03-30', 'N', 'S');
insert into TORNEO (ID_TORNEO, NOMBRE, LOCALIZACION, FECHA_INICIO, FECHA_FIN, TEMPORADA_REG, PREMIUM) values (41, 'Masters', 'Sweden', '2017-10-08', '2018-03-14', 'S', 'S');
insert into TORNEO (ID_TORNEO, NOMBRE, LOCALIZACION, FECHA_INICIO, FECHA_FIN, TEMPORADA_REG, PREMIUM) values (42, 'Masters', 'Indonesia', '2017-12-08', '2018-03-24', 'S', 'N');
insert into TORNEO (ID_TORNEO, NOMBRE, LOCALIZACION, FECHA_INICIO, FECHA_FIN, TEMPORADA_REG, PREMIUM) values (43, 'Open', 'Greece', '2017-10-31', '2018-03-15', 'S', 'S');
insert into TORNEO (ID_TORNEO, NOMBRE, LOCALIZACION, FECHA_INICIO, FECHA_FIN, TEMPORADA_REG, PREMIUM) values (44, 'Masters', 'Brazil', '2017-12-22', '2018-03-26', 'N', 'N');
insert into TORNEO (ID_TORNEO, NOMBRE, LOCALIZACION, FECHA_INICIO, FECHA_FIN, TEMPORADA_REG, PREMIUM) values (45, 'Masters', 'France', '2017-12-25', '2017-03-24', 'N', 'N');
insert into TORNEO (ID_TORNEO, NOMBRE, LOCALIZACION, FECHA_INICIO, FECHA_FIN, TEMPORADA_REG, PREMIUM) values (46, 'Open', 'Poland', '2017-11-02', '2018-03-24', 'N', 'S');
insert into TORNEO (ID_TORNEO, NOMBRE, LOCALIZACION, FECHA_INICIO, FECHA_FIN, TEMPORADA_REG, PREMIUM) values (47, 'Masters', 'Palestinian Territory', '2017-12-14', '2018-03-28', 'S', 'N');
insert into TORNEO (ID_TORNEO, NOMBRE, LOCALIZACION, FECHA_INICIO, FECHA_FIN, TEMPORADA_REG, PREMIUM) values (48, 'Masters', 'China', '2017-10-25', '2018-03-22', 'N', 'S');
insert into TORNEO (ID_TORNEO, NOMBRE, LOCALIZACION, FECHA_INICIO, FECHA_FIN, TEMPORADA_REG, PREMIUM) values (49, 'Open', 'Portugal', '2017-10-13', '2018-03-17', 'S', 'S');
insert into TORNEO (ID_TORNEO, NOMBRE, LOCALIZACION, FECHA_INICIO, FECHA_FIN, TEMPORADA_REG, PREMIUM) values (50, 'Open', 'Brazil', '2017-11-27', '2018-03-09', 'S', 'N');
insert into TORNEO (ID_TORNEO, NOMBRE, LOCALIZACION, FECHA_INICIO, FECHA_FIN, TEMPORADA_REG, PREMIUM) values (51, 'Open', 'Colombia', '2017-12-29', '2018-03-23', 'S', 'S');
insert into TORNEO (ID_TORNEO, NOMBRE, LOCALIZACION, FECHA_INICIO, FECHA_FIN, TEMPORADA_REG, PREMIUM) values (52, 'Masters', 'China', '2017-11-25', '2018-03-23', 'S', 'N');
insert into TORNEO (ID_TORNEO, NOMBRE, LOCALIZACION, FECHA_INICIO, FECHA_FIN, TEMPORADA_REG, PREMIUM) values (53, 'Masters', 'Uganda', '2017-12-14', '2017-03-17', 'N', 'S');
insert into TORNEO (ID_TORNEO, NOMBRE, LOCALIZACION, FECHA_INICIO, FECHA_FIN, TEMPORADA_REG, PREMIUM) values (54, 'Open', 'Brazil', '2017-12-22', '2018-03-22', 'N', 'N');
insert into TORNEO (ID_TORNEO, NOMBRE, LOCALIZACION, FECHA_INICIO, FECHA_FIN, TEMPORADA_REG, PREMIUM) values (55, 'Open', 'Uruguay', '2017-10-08', '2018-03-13', 'N', 'N');
insert into TORNEO (ID_TORNEO, NOMBRE, LOCALIZACION, FECHA_INICIO, FECHA_FIN, TEMPORADA_REG, PREMIUM) values (56, 'Masters', 'Armenia', '2017-10-22', '2018-03-20', 'S', 'N');
insert into TORNEO (ID_TORNEO, NOMBRE, LOCALIZACION, FECHA_INICIO, FECHA_FIN, TEMPORADA_REG, PREMIUM) values (57, 'Masters', 'Indonesia', '2017-12-17', '2016-03-18', 'S', 'S');
insert into TORNEO (ID_TORNEO, NOMBRE, LOCALIZACION, FECHA_INICIO, FECHA_FIN, TEMPORADA_REG, PREMIUM) values (58, 'Open', 'China', '2017-10-12', '2018-03-26', 'N', 'S');
insert into TORNEO (ID_TORNEO, NOMBRE, LOCALIZACION, FECHA_INICIO, FECHA_FIN, TEMPORADA_REG, PREMIUM) values (59, 'Open', 'Sweden', '2017-12-05', '2018-03-26', 'N', 'N');
insert into TORNEO (ID_TORNEO, NOMBRE, LOCALIZACION, FECHA_INICIO, FECHA_FIN, TEMPORADA_REG, PREMIUM) values (60, 'Open', 'Philippines', '2017-11-23', '2018-03-28', 'S', 'N');
insert into TORNEO (ID_TORNEO, NOMBRE, LOCALIZACION, FECHA_INICIO, FECHA_FIN, TEMPORADA_REG, PREMIUM) values (61, 'Open', 'Russia', '2017-10-13', '2018-03-12', 'N', 'N');
insert into TORNEO (ID_TORNEO, NOMBRE, LOCALIZACION, FECHA_INICIO, FECHA_FIN, TEMPORADA_REG, PREMIUM) values (62, 'Masters', 'China', '2017-10-14', '2018-03-20', 'N', 'S');
insert into TORNEO (ID_TORNEO, NOMBRE, LOCALIZACION, FECHA_INICIO, FECHA_FIN, TEMPORADA_REG, PREMIUM) values (63, 'Open', 'Indonesia', '2017-10-25', '2018-03-15', 'N', 'N');
insert into TORNEO (ID_TORNEO, NOMBRE, LOCALIZACION, FECHA_INICIO, FECHA_FIN, TEMPORADA_REG, PREMIUM) values (64, 'Masters', 'France', '2017-10-06', '2018-03-24', 'S', 'N');
insert into TORNEO (ID_TORNEO, NOMBRE, LOCALIZACION, FECHA_INICIO, FECHA_FIN, TEMPORADA_REG, PREMIUM) values (65, 'Open', 'Philippines', '2017-10-16', '2018-03-09', 'S', 'S');
insert into TORNEO (ID_TORNEO, NOMBRE, LOCALIZACION, FECHA_INICIO, FECHA_FIN, TEMPORADA_REG, PREMIUM) values (66, 'Masters', 'United States', '2017-10-20', '2018-03-08', 'S', 'N');
insert into TORNEO (ID_TORNEO, NOMBRE, LOCALIZACION, FECHA_INICIO, FECHA_FIN, TEMPORADA_REG, PREMIUM) values (67, 'Masters', 'Australia', '2017-11-26', '2018-03-22', 'S', 'S');
insert into TORNEO (ID_TORNEO, NOMBRE, LOCALIZACION, FECHA_INICIO, FECHA_FIN, TEMPORADA_REG, PREMIUM) values (68, 'Open', 'China', '2017-10-13', '2018-03-28', 'N', 'N');
insert into TORNEO (ID_TORNEO, NOMBRE, LOCALIZACION, FECHA_INICIO, FECHA_FIN, TEMPORADA_REG, PREMIUM) values (69, 'Masters', 'Philippines', '2017-11-09', '2018-03-17', 'S', 'N');
insert into TORNEO (ID_TORNEO, NOMBRE, LOCALIZACION, FECHA_INICIO, FECHA_FIN, TEMPORADA_REG, PREMIUM) values (70, 'Open', 'China', '2017-10-24', '2018-03-06', 'N', 'N');
insert into TORNEO (ID_TORNEO, NOMBRE, LOCALIZACION, FECHA_INICIO, FECHA_FIN, TEMPORADA_REG, PREMIUM) values (71, 'Masters', 'Indonesia', '2017-10-09', '2018-03-21', 'S', 'N');
insert into TORNEO (ID_TORNEO, NOMBRE, LOCALIZACION, FECHA_INICIO, FECHA_FIN, TEMPORADA_REG, PREMIUM) values (72, 'Open', 'Canada', '2017-11-09', '2016-03-11', 'S', 'S');
insert into TORNEO (ID_TORNEO, NOMBRE, LOCALIZACION, FECHA_INICIO, FECHA_FIN, TEMPORADA_REG, PREMIUM) values (73, 'Masters', 'China', '2017-11-02', '2018-03-18', 'N', 'N');
insert into TORNEO (ID_TORNEO, NOMBRE, LOCALIZACION, FECHA_INICIO, FECHA_FIN, TEMPORADA_REG, PREMIUM) values (74, 'Masters', 'Mauritius', '2017-10-05', '2016-03-07', 'N', 'N');
insert into TORNEO (ID_TORNEO, NOMBRE, LOCALIZACION, FECHA_INICIO, FECHA_FIN, TEMPORADA_REG, PREMIUM) values (75, 'Masters', 'Indonesia', '2017-12-07', '2018-03-26', 'N', 'S');
insert into TORNEO (ID_TORNEO, NOMBRE, LOCALIZACION, FECHA_INICIO, FECHA_FIN, TEMPORADA_REG, PREMIUM) values (76, 'Masters', 'Russia', '2017-10-24', '2018-03-25', 'S', 'S');
insert into TORNEO (ID_TORNEO, NOMBRE, LOCALIZACION, FECHA_INICIO, FECHA_FIN, TEMPORADA_REG, PREMIUM) values (77, 'Open', 'Philippines', '2017-10-18', '2018-03-16', 'S', 'S');
insert into TORNEO (ID_TORNEO, NOMBRE, LOCALIZACION, FECHA_INICIO, FECHA_FIN, TEMPORADA_REG, PREMIUM) values (78, 'Masters', 'China', '2017-10-04', '2018-03-01', 'N', 'S');
insert into TORNEO (ID_TORNEO, NOMBRE, LOCALIZACION, FECHA_INICIO, FECHA_FIN, TEMPORADA_REG, PREMIUM) values (79, 'Masters', 'Philippines', '2017-11-20', '2018-03-17', 'S', 'S');
insert into TORNEO (ID_TORNEO, NOMBRE, LOCALIZACION, FECHA_INICIO, FECHA_FIN, TEMPORADA_REG, PREMIUM) values (80, 'Open', 'South Africa', '2017-12-11', '2018-03-29', 'N', 'S');
insert into TORNEO (ID_TORNEO, NOMBRE, LOCALIZACION, FECHA_INICIO, FECHA_FIN, TEMPORADA_REG, PREMIUM) values (81, 'Masters', 'China', '2017-11-29', '2018-03-20', 'N', 'S');
insert into TORNEO (ID_TORNEO, NOMBRE, LOCALIZACION, FECHA_INICIO, FECHA_FIN, TEMPORADA_REG, PREMIUM) values (82, 'Masters', 'Indonesia', '2017-12-27', '2018-03-18', 'S', 'S');
insert into TORNEO (ID_TORNEO, NOMBRE, LOCALIZACION, FECHA_INICIO, FECHA_FIN, TEMPORADA_REG, PREMIUM) values (83, 'Masters', 'China', '2017-10-18', '2018-03-15', 'N', 'S');
insert into TORNEO (ID_TORNEO, NOMBRE, LOCALIZACION, FECHA_INICIO, FECHA_FIN, TEMPORADA_REG, PREMIUM) values (84, 'Open', 'Sierra Leone', '2017-12-22', '2018-03-03', 'S', 'S');
insert into TORNEO (ID_TORNEO, NOMBRE, LOCALIZACION, FECHA_INICIO, FECHA_FIN, TEMPORADA_REG, PREMIUM) values (85, 'Masters', 'Albania', '2017-10-21', '2018-03-03', 'N', 'S');
insert into TORNEO (ID_TORNEO, NOMBRE, LOCALIZACION, FECHA_INICIO, FECHA_FIN, TEMPORADA_REG, PREMIUM) values (86, 'Masters', 'China', '2017-10-29', '2018-03-17', 'N', 'N');
insert into TORNEO (ID_TORNEO, NOMBRE, LOCALIZACION, FECHA_INICIO, FECHA_FIN, TEMPORADA_REG, PREMIUM) values (87, 'Masters', 'Norway', '2017-12-25', '2018-03-24', 'S', 'S');
insert into TORNEO (ID_TORNEO, NOMBRE, LOCALIZACION, FECHA_INICIO, FECHA_FIN, TEMPORADA_REG, PREMIUM) values (88, 'Masters', 'Sweden', '2017-11-09', '2018-03-15', 'S', 'N');
insert into TORNEO (ID_TORNEO, NOMBRE, LOCALIZACION, FECHA_INICIO, FECHA_FIN, TEMPORADA_REG, PREMIUM) values (89, 'Masters', 'Albania', '2017-12-21', '2018-03-28', 'S', 'N');
insert into TORNEO (ID_TORNEO, NOMBRE, LOCALIZACION, FECHA_INICIO, FECHA_FIN, TEMPORADA_REG, PREMIUM) values (90, 'Masters', 'Russia', '2017-12-25', '2018-03-15', 'S', 'S');
insert into TORNEO (ID_TORNEO, NOMBRE, LOCALIZACION, FECHA_INICIO, FECHA_FIN, TEMPORADA_REG, PREMIUM) values (91, 'Open', 'Burkina Faso', '2017-12-27', '2018-03-15', 'S', 'S');
insert into TORNEO (ID_TORNEO, NOMBRE, LOCALIZACION, FECHA_INICIO, FECHA_FIN, TEMPORADA_REG, PREMIUM) values (92, 'Masters', 'Indonesia', '2017-10-04', '2018-03-07', 'S', 'N');
insert into TORNEO (ID_TORNEO, NOMBRE, LOCALIZACION, FECHA_INICIO, FECHA_FIN, TEMPORADA_REG, PREMIUM) values (93, 'Masters', 'Greece', '2017-10-27', '2018-03-01', 'S', 'N');
insert into TORNEO (ID_TORNEO, NOMBRE, LOCALIZACION, FECHA_INICIO, FECHA_FIN, TEMPORADA_REG, PREMIUM) values (94, 'Open', 'Netherlands', '2017-12-01', '2018-03-19', 'N', 'N');
insert into TORNEO (ID_TORNEO, NOMBRE, LOCALIZACION, FECHA_INICIO, FECHA_FIN, TEMPORADA_REG, PREMIUM) values (95, 'Open', 'China', '2017-12-08', '2018-03-24', 'S', 'S');
insert into TORNEO (ID_TORNEO, NOMBRE, LOCALIZACION, FECHA_INICIO, FECHA_FIN, TEMPORADA_REG, PREMIUM) values (96, 'Open', 'Brazil', '2017-10-31', '2018-03-28', 'S', 'S');
insert into TORNEO (ID_TORNEO, NOMBRE, LOCALIZACION, FECHA_INICIO, FECHA_FIN, TEMPORADA_REG, PREMIUM) values (97, 'Open', 'Russia', '2017-12-30', '2018-03-06', 'N', 'S');
insert into TORNEO (ID_TORNEO, NOMBRE, LOCALIZACION, FECHA_INICIO, FECHA_FIN, TEMPORADA_REG, PREMIUM) values (98, 'Open', 'Russia', '2017-12-06', '2018-03-12', 'N', 'S');
insert into TORNEO (ID_TORNEO, NOMBRE, LOCALIZACION, FECHA_INICIO, FECHA_FIN, TEMPORADA_REG, PREMIUM) values (99, 'Masters', 'China', '2017-10-10', '2018-03-16', 'N', 'S');
insert into TORNEO (ID_TORNEO, NOMBRE, LOCALIZACION, FECHA_INICIO, FECHA_FIN, TEMPORADA_REG, PREMIUM) values (100, 'Open', 'Sweden', '2017-12-20', '2018-03-28', 'S', 'N');

-- INSERTS DE PATROCINIO
DELETE FROM PATROCINIO;

insert into PATROCINIO (FECHA_INICIO, FECHA_FIN, CLAUSULA, NUM_ATP, CIF, IMPORTE_ANUAL) values ('2017-01-31', '2019-11-12', 96, 80, 81, '65.253.143.44');
insert into PATROCINIO (FECHA_INICIO, FECHA_FIN, CLAUSULA, NUM_ATP, CIF, IMPORTE_ANUAL) values ('2017-02-01', '2018-01-07', 15, 21, 78, '242.43.223.204');
insert into PATROCINIO (FECHA_INICIO, FECHA_FIN, CLAUSULA, NUM_ATP, CIF, IMPORTE_ANUAL) values ('2017-07-09', '2018-04-20', 16, 57, 44, '226.47.110.105');
insert into PATROCINIO (FECHA_INICIO, FECHA_FIN, CLAUSULA, NUM_ATP, CIF, IMPORTE_ANUAL) values ('2017-09-09', '2019-10-05', 72, 69, 15, '129.143.41.63');
insert into PATROCINIO (FECHA_INICIO, FECHA_FIN, CLAUSULA, NUM_ATP, CIF, IMPORTE_ANUAL) values ('2017-04-09', '2019-01-29', 89, 43, 39, '195.131.8.207');
insert into PATROCINIO (FECHA_INICIO, FECHA_FIN, CLAUSULA, NUM_ATP, CIF, IMPORTE_ANUAL) values ('2017-04-13', '2019-06-11', 27, 23, 66, '5.173.236.33');
insert into PATROCINIO (FECHA_INICIO, FECHA_FIN, CLAUSULA, NUM_ATP, CIF, IMPORTE_ANUAL) values ('2017-12-05', '2018-09-29', 38, 95, 100, '140.86.110.185');
insert into PATROCINIO (FECHA_INICIO, FECHA_FIN, CLAUSULA, NUM_ATP, CIF, IMPORTE_ANUAL) values ('2017-10-27', '2019-12-23', 84, 51, 79, '74.148.208.250');
insert into PATROCINIO (FECHA_INICIO, FECHA_FIN, CLAUSULA, NUM_ATP, CIF, IMPORTE_ANUAL) values ('2017-07-15', '2019-10-13', 54, 39, 89, '72.198.177.20');
insert into PATROCINIO (FECHA_INICIO, FECHA_FIN, CLAUSULA, NUM_ATP, CIF, IMPORTE_ANUAL) values ('2017-01-27', '2019-06-09', 1, 14, 76, '243.181.59.117');
insert into PATROCINIO (FECHA_INICIO, FECHA_FIN, CLAUSULA, NUM_ATP, CIF, IMPORTE_ANUAL) values ('2017-04-14', '2019-01-16', 91, 100, 71, '44.224.204.74');
insert into PATROCINIO (FECHA_INICIO, FECHA_FIN, CLAUSULA, NUM_ATP, CIF, IMPORTE_ANUAL) values ('2017-03-21', '2019-02-02', 44, 36, 20, '16.74.198.63');
insert into PATROCINIO (FECHA_INICIO, FECHA_FIN, CLAUSULA, NUM_ATP, CIF, IMPORTE_ANUAL) values ('2017-12-16', '2019-04-17', 77, 61, 91, '75.150.14.187');
insert into PATROCINIO (FECHA_INICIO, FECHA_FIN, CLAUSULA, NUM_ATP, CIF, IMPORTE_ANUAL) values ('2017-06-26', '2018-05-31', 93, 88, 53, '109.168.128.4');
insert into PATROCINIO (FECHA_INICIO, FECHA_FIN, CLAUSULA, NUM_ATP, CIF, IMPORTE_ANUAL) values ('2017-05-16', '2019-04-04', 43, 98, 95, '164.135.19.156');
insert into PATROCINIO (FECHA_INICIO, FECHA_FIN, CLAUSULA, NUM_ATP, CIF, IMPORTE_ANUAL) values ('2017-03-21', '2019-05-03', 63, 90, 45, '125.251.133.127');
insert into PATROCINIO (FECHA_INICIO, FECHA_FIN, CLAUSULA, NUM_ATP, CIF, IMPORTE_ANUAL) values ('2017-04-10', '2019-02-18', 98, 38, 51, '218.100.167.105');
insert into PATROCINIO (FECHA_INICIO, FECHA_FIN, CLAUSULA, NUM_ATP, CIF, IMPORTE_ANUAL) values ('2017-11-27', '2018-02-21', 6, 18, 39, '24.193.191.164');
insert into PATROCINIO (FECHA_INICIO, FECHA_FIN, CLAUSULA, NUM_ATP, CIF, IMPORTE_ANUAL) values ('2017-03-11', '2018-05-28', 18, 95, 67, '235.192.243.140');
insert into PATROCINIO (FECHA_INICIO, FECHA_FIN, CLAUSULA, NUM_ATP, CIF, IMPORTE_ANUAL) values ('2017-02-13', '2019-08-19', 40, 22, 83, '126.30.29.19');
insert into PATROCINIO (FECHA_INICIO, FECHA_FIN, CLAUSULA, NUM_ATP, CIF, IMPORTE_ANUAL) values ('2017-02-08', '2018-08-16', 51, 82, 90, '178.231.0.205');
insert into PATROCINIO (FECHA_INICIO, FECHA_FIN, CLAUSULA, NUM_ATP, CIF, IMPORTE_ANUAL) values ('2017-11-21', '2019-02-21', 71, 74, 11, '239.41.231.107');
insert into PATROCINIO (FECHA_INICIO, FECHA_FIN, CLAUSULA, NUM_ATP, CIF, IMPORTE_ANUAL) values ('2017-04-27', '2019-01-25', 13, 81, 9, '186.168.122.59');
insert into PATROCINIO (FECHA_INICIO, FECHA_FIN, CLAUSULA, NUM_ATP, CIF, IMPORTE_ANUAL) values ('2017-06-29', '2018-06-08', 12, 29, 34, '130.199.221.172');
insert into PATROCINIO (FECHA_INICIO, FECHA_FIN, CLAUSULA, NUM_ATP, CIF, IMPORTE_ANUAL) values ('2017-04-08', '2019-05-03', 78, 79, 61, '45.11.0.178');
insert into PATROCINIO (FECHA_INICIO, FECHA_FIN, CLAUSULA, NUM_ATP, CIF, IMPORTE_ANUAL) values ('2017-10-25', '2019-03-25', 3, 58, 8, '214.43.198.60');
insert into PATROCINIO (FECHA_INICIO, FECHA_FIN, CLAUSULA, NUM_ATP, CIF, IMPORTE_ANUAL) values ('2017-10-20', '2018-04-24', 66, 46, 61, '211.116.153.37');
insert into PATROCINIO (FECHA_INICIO, FECHA_FIN, CLAUSULA, NUM_ATP, CIF, IMPORTE_ANUAL) values ('2017-08-22', '2019-09-04', 55, 32, 15, '219.104.56.98');
insert into PATROCINIO (FECHA_INICIO, FECHA_FIN, CLAUSULA, NUM_ATP, CIF, IMPORTE_ANUAL) values ('2017-01-01', '2019-06-20', 44, 82, 1, '185.80.125.110');
insert into PATROCINIO (FECHA_INICIO, FECHA_FIN, CLAUSULA, NUM_ATP, CIF, IMPORTE_ANUAL) values ('2017-01-09', '2019-06-23', 14, 55, 64, '38.141.116.178');
insert into PATROCINIO (FECHA_INICIO, FECHA_FIN, CLAUSULA, NUM_ATP, CIF, IMPORTE_ANUAL) values ('2017-11-26', '2019-04-14', 98, 75, 79, '18.214.13.0');
insert into PATROCINIO (FECHA_INICIO, FECHA_FIN, CLAUSULA, NUM_ATP, CIF, IMPORTE_ANUAL) values ('2017-03-26', '2019-07-24', 36, 13, 48, '113.91.189.75');
insert into PATROCINIO (FECHA_INICIO, FECHA_FIN, CLAUSULA, NUM_ATP, CIF, IMPORTE_ANUAL) values ('2017-02-06', '2019-06-17', 36, 22, 75, '226.18.23.164');
insert into PATROCINIO (FECHA_INICIO, FECHA_FIN, CLAUSULA, NUM_ATP, CIF, IMPORTE_ANUAL) values ('2017-01-10', '2019-08-16', 11, 34, 56, '84.120.172.195');
insert into PATROCINIO (FECHA_INICIO, FECHA_FIN, CLAUSULA, NUM_ATP, CIF, IMPORTE_ANUAL) values ('2017-09-26', '2019-01-02', 98, 15, 76, '149.101.197.25');
insert into PATROCINIO (FECHA_INICIO, FECHA_FIN, CLAUSULA, NUM_ATP, CIF, IMPORTE_ANUAL) values ('2017-02-08', '2019-09-12', 77, 85, 34, '255.42.8.81');
insert into PATROCINIO (FECHA_INICIO, FECHA_FIN, CLAUSULA, NUM_ATP, CIF, IMPORTE_ANUAL) values ('2017-12-24', '2019-05-22', 47, 28, 79, '143.78.156.31');
insert into PATROCINIO (FECHA_INICIO, FECHA_FIN, CLAUSULA, NUM_ATP, CIF, IMPORTE_ANUAL) values ('2017-10-29', '2019-12-07', 7, 20, 72, '74.54.25.213');
insert into PATROCINIO (FECHA_INICIO, FECHA_FIN, CLAUSULA, NUM_ATP, CIF, IMPORTE_ANUAL) values ('2017-06-21', '2018-01-27', 82, 61, 1, '203.83.133.33');
insert into PATROCINIO (FECHA_INICIO, FECHA_FIN, CLAUSULA, NUM_ATP, CIF, IMPORTE_ANUAL) values ('2017-03-22', '2019-11-29', 40, 95, 43, '167.82.76.140');
insert into PATROCINIO (FECHA_INICIO, FECHA_FIN, CLAUSULA, NUM_ATP, CIF, IMPORTE_ANUAL) values ('2017-04-30', '2018-04-14', 22, 45, 10, '246.67.108.252');
insert into PATROCINIO (FECHA_INICIO, FECHA_FIN, CLAUSULA, NUM_ATP, CIF, IMPORTE_ANUAL) values ('2017-09-29', '2018-04-09', 30, 82, 9, '31.146.255.204');
insert into PATROCINIO (FECHA_INICIO, FECHA_FIN, CLAUSULA, NUM_ATP, CIF, IMPORTE_ANUAL) values ('2017-11-01', '2018-04-08', 31, 86, 59, '147.26.41.135');
insert into PATROCINIO (FECHA_INICIO, FECHA_FIN, CLAUSULA, NUM_ATP, CIF, IMPORTE_ANUAL) values ('2017-11-08', '2019-10-05', 91, 91, 35, '1.199.243.130');
insert into PATROCINIO (FECHA_INICIO, FECHA_FIN, CLAUSULA, NUM_ATP, CIF, IMPORTE_ANUAL) values ('2017-12-06', '2018-06-24', 7, 98, 10, '129.198.55.85');
insert into PATROCINIO (FECHA_INICIO, FECHA_FIN, CLAUSULA, NUM_ATP, CIF, IMPORTE_ANUAL) values ('2017-04-08', '2018-04-23', 85, 84, 69, '233.137.233.35');
insert into PATROCINIO (FECHA_INICIO, FECHA_FIN, CLAUSULA, NUM_ATP, CIF, IMPORTE_ANUAL) values ('2017-04-07', '2019-10-06', 57, 19, 26, '123.148.175.92');
insert into PATROCINIO (FECHA_INICIO, FECHA_FIN, CLAUSULA, NUM_ATP, CIF, IMPORTE_ANUAL) values ('2017-12-09', '2019-09-20', 54, 71, 46, '199.51.78.170');
insert into PATROCINIO (FECHA_INICIO, FECHA_FIN, CLAUSULA, NUM_ATP, CIF, IMPORTE_ANUAL) values ('2017-06-13', '2019-10-23', 70, 96, 72, '236.251.61.225');
insert into PATROCINIO (FECHA_INICIO, FECHA_FIN, CLAUSULA, NUM_ATP, CIF, IMPORTE_ANUAL) values ('2017-07-28', '2018-08-03', 17, 21, 42, '172.182.123.84');
insert into PATROCINIO (FECHA_INICIO, FECHA_FIN, CLAUSULA, NUM_ATP, CIF, IMPORTE_ANUAL) values ('2017-11-17', '2018-11-13', 94, 98, 64, '133.40.81.23');
insert into PATROCINIO (FECHA_INICIO, FECHA_FIN, CLAUSULA, NUM_ATP, CIF, IMPORTE_ANUAL) values ('2017-04-01', '2019-03-31', 89, 8, 75, '175.242.102.118');
insert into PATROCINIO (FECHA_INICIO, FECHA_FIN, CLAUSULA, NUM_ATP, CIF, IMPORTE_ANUAL) values ('2017-05-02', '2018-01-11', 51, 76, 28, '83.125.81.101');
insert into PATROCINIO (FECHA_INICIO, FECHA_FIN, CLAUSULA, NUM_ATP, CIF, IMPORTE_ANUAL) values ('2017-12-12', '2019-11-17', 70, 58, 35, '129.241.115.206');
insert into PATROCINIO (FECHA_INICIO, FECHA_FIN, CLAUSULA, NUM_ATP, CIF, IMPORTE_ANUAL) values ('2017-09-05', '2019-03-24', 10, 89, 47, '61.183.138.81');
insert into PATROCINIO (FECHA_INICIO, FECHA_FIN, CLAUSULA, NUM_ATP, CIF, IMPORTE_ANUAL) values ('2017-05-07', '2019-08-23', 4, 69, 35, '131.100.52.212');
insert into PATROCINIO (FECHA_INICIO, FECHA_FIN, CLAUSULA, NUM_ATP, CIF, IMPORTE_ANUAL) values ('2017-04-23', '2019-02-03', 43, 8, 38, '147.217.127.167');
insert into PATROCINIO (FECHA_INICIO, FECHA_FIN, CLAUSULA, NUM_ATP, CIF, IMPORTE_ANUAL) values ('2017-07-07', '2018-09-25', 5, 96, 89, '239.179.19.217');
insert into PATROCINIO (FECHA_INICIO, FECHA_FIN, CLAUSULA, NUM_ATP, CIF, IMPORTE_ANUAL) values ('2017-02-20', '2019-09-12', 54, 6, 2, '250.93.105.197');
insert into PATROCINIO (FECHA_INICIO, FECHA_FIN, CLAUSULA, NUM_ATP, CIF, IMPORTE_ANUAL) values ('2017-01-19', '2018-06-19', 45, 36, 46, '65.254.185.92');
insert into PATROCINIO (FECHA_INICIO, FECHA_FIN, CLAUSULA, NUM_ATP, CIF, IMPORTE_ANUAL) values ('2017-12-16', '2018-04-20', 14, 34, 78, '229.28.181.18');
insert into PATROCINIO (FECHA_INICIO, FECHA_FIN, CLAUSULA, NUM_ATP, CIF, IMPORTE_ANUAL) values ('2017-11-14', '2019-04-30', 89, 73, 68, '136.77.211.29');
insert into PATROCINIO (FECHA_INICIO, FECHA_FIN, CLAUSULA, NUM_ATP, CIF, IMPORTE_ANUAL) values ('2017-03-05', '2019-08-12', 48, 91, 73, '120.22.182.37');
insert into PATROCINIO (FECHA_INICIO, FECHA_FIN, CLAUSULA, NUM_ATP, CIF, IMPORTE_ANUAL) values ('2017-10-19', '2019-11-03', 36, 14, 3, '45.94.238.203');
insert into PATROCINIO (FECHA_INICIO, FECHA_FIN, CLAUSULA, NUM_ATP, CIF, IMPORTE_ANUAL) values ('2017-04-28', '2019-08-06', 14, 51, 28, '241.9.206.245');
insert into PATROCINIO (FECHA_INICIO, FECHA_FIN, CLAUSULA, NUM_ATP, CIF, IMPORTE_ANUAL) values ('2017-10-18', '2019-05-04', 37, 92, 62, '222.147.161.169');
insert into PATROCINIO (FECHA_INICIO, FECHA_FIN, CLAUSULA, NUM_ATP, CIF, IMPORTE_ANUAL) values ('2017-04-17', '2018-12-20', 82, 72, 61, '234.246.3.96');
insert into PATROCINIO (FECHA_INICIO, FECHA_FIN, CLAUSULA, NUM_ATP, CIF, IMPORTE_ANUAL) values ('2017-02-16', '2018-05-10', 41, 56, 29, '116.93.132.247');
insert into PATROCINIO (FECHA_INICIO, FECHA_FIN, CLAUSULA, NUM_ATP, CIF, IMPORTE_ANUAL) values ('2017-01-21', '2019-01-27', 71, 61, 31, '80.92.75.68');
insert into PATROCINIO (FECHA_INICIO, FECHA_FIN, CLAUSULA, NUM_ATP, CIF, IMPORTE_ANUAL) values ('2017-07-13', '2019-07-04', 30, 100, 57, '148.187.5.213');
insert into PATROCINIO (FECHA_INICIO, FECHA_FIN, CLAUSULA, NUM_ATP, CIF, IMPORTE_ANUAL) values ('2017-10-09', '2018-07-05', 65, 20, 23, '70.98.186.75');
insert into PATROCINIO (FECHA_INICIO, FECHA_FIN, CLAUSULA, NUM_ATP, CIF, IMPORTE_ANUAL) values ('2017-04-06', '2018-12-07', 44, 58, 13, '67.102.209.185');
insert into PATROCINIO (FECHA_INICIO, FECHA_FIN, CLAUSULA, NUM_ATP, CIF, IMPORTE_ANUAL) values ('2017-02-11', '2019-11-24', 4, 63, 83, '35.124.30.33');
insert into PATROCINIO (FECHA_INICIO, FECHA_FIN, CLAUSULA, NUM_ATP, CIF, IMPORTE_ANUAL) values ('2017-06-04', '2018-07-18', 76, 73, 100, '157.11.104.146');
insert into PATROCINIO (FECHA_INICIO, FECHA_FIN, CLAUSULA, NUM_ATP, CIF, IMPORTE_ANUAL) values ('2017-08-27', '2018-10-20', 44, 48, 80, '252.205.196.134');
insert into PATROCINIO (FECHA_INICIO, FECHA_FIN, CLAUSULA, NUM_ATP, CIF, IMPORTE_ANUAL) values ('2017-11-10', '2018-03-07', 45, 28, 68, '16.245.226.167');
insert into PATROCINIO (FECHA_INICIO, FECHA_FIN, CLAUSULA, NUM_ATP, CIF, IMPORTE_ANUAL) values ('2017-06-28', '2018-12-24', 63, 19, 62, '186.161.53.192');
insert into PATROCINIO (FECHA_INICIO, FECHA_FIN, CLAUSULA, NUM_ATP, CIF, IMPORTE_ANUAL) values ('2017-03-12', '2019-03-07', 64, 62, 15, '82.211.177.221');
insert into PATROCINIO (FECHA_INICIO, FECHA_FIN, CLAUSULA, NUM_ATP, CIF, IMPORTE_ANUAL) values ('2017-10-05', '2019-04-09', 53, 29, 57, '163.191.146.233');
insert into PATROCINIO (FECHA_INICIO, FECHA_FIN, CLAUSULA, NUM_ATP, CIF, IMPORTE_ANUAL) values ('2017-09-22', '2019-01-03', 61, 29, 86, '14.16.185.228');
insert into PATROCINIO (FECHA_INICIO, FECHA_FIN, CLAUSULA, NUM_ATP, CIF, IMPORTE_ANUAL) values ('2017-01-21', '2019-11-09', 67, 16, 76, '169.219.177.36');
insert into PATROCINIO (FECHA_INICIO, FECHA_FIN, CLAUSULA, NUM_ATP, CIF, IMPORTE_ANUAL) values ('2017-05-14', '2019-11-17', 75, 70, 60, '252.158.239.193');
insert into PATROCINIO (FECHA_INICIO, FECHA_FIN, CLAUSULA, NUM_ATP, CIF, IMPORTE_ANUAL) values ('2017-10-31', '2019-05-27', 56, 89, 18, '176.222.209.58');
insert into PATROCINIO (FECHA_INICIO, FECHA_FIN, CLAUSULA, NUM_ATP, CIF, IMPORTE_ANUAL) values ('2017-08-21', '2018-09-03', 23, 37, 86, '221.99.194.194');
insert into PATROCINIO (FECHA_INICIO, FECHA_FIN, CLAUSULA, NUM_ATP, CIF, IMPORTE_ANUAL) values ('2017-03-14', '2019-01-15', 2, 72, 27, '109.184.128.247');
insert into PATROCINIO (FECHA_INICIO, FECHA_FIN, CLAUSULA, NUM_ATP, CIF, IMPORTE_ANUAL) values ('2017-11-13', '2018-10-04', 0, 40, 34, '187.16.51.146');
insert into PATROCINIO (FECHA_INICIO, FECHA_FIN, CLAUSULA, NUM_ATP, CIF, IMPORTE_ANUAL) values ('2017-05-31', '2018-07-16', 37, 53, 32, '206.243.172.183');
insert into PATROCINIO (FECHA_INICIO, FECHA_FIN, CLAUSULA, NUM_ATP, CIF, IMPORTE_ANUAL) values ('2017-06-12', '2019-12-17', 67, 49, 39, '216.25.103.121');
insert into PATROCINIO (FECHA_INICIO, FECHA_FIN, CLAUSULA, NUM_ATP, CIF, IMPORTE_ANUAL) values ('2017-07-08', '2018-09-04', 6, 63, 88, '184.232.45.103');
insert into PATROCINIO (FECHA_INICIO, FECHA_FIN, CLAUSULA, NUM_ATP, CIF, IMPORTE_ANUAL) values ('2017-03-31', '2018-05-10', 37, 1, 62, '154.25.217.148');
insert into PATROCINIO (FECHA_INICIO, FECHA_FIN, CLAUSULA, NUM_ATP, CIF, IMPORTE_ANUAL) values ('2017-05-10', '2018-10-26', 81, 3, 14, '67.11.202.150');
insert into PATROCINIO (FECHA_INICIO, FECHA_FIN, CLAUSULA, NUM_ATP, CIF, IMPORTE_ANUAL) values ('2017-08-28', '2019-12-17', 64, 55, 80, '110.92.142.96');
insert into PATROCINIO (FECHA_INICIO, FECHA_FIN, CLAUSULA, NUM_ATP, CIF, IMPORTE_ANUAL) values ('2017-04-30', '2018-11-07', 48, 74, 95, '18.139.42.48');
insert into PATROCINIO (FECHA_INICIO, FECHA_FIN, CLAUSULA, NUM_ATP, CIF, IMPORTE_ANUAL) values ('2017-07-31', '2019-03-22', 31, 53, 80, '39.129.11.146');
insert into PATROCINIO (FECHA_INICIO, FECHA_FIN, CLAUSULA, NUM_ATP, CIF, IMPORTE_ANUAL) values ('2017-08-27', '2018-04-27', 24, 70, 26, '196.59.116.105');
insert into PATROCINIO (FECHA_INICIO, FECHA_FIN, CLAUSULA, NUM_ATP, CIF, IMPORTE_ANUAL) values ('2017-08-13', '2019-07-12', 84, 16, 77, '161.72.33.20');
insert into PATROCINIO (FECHA_INICIO, FECHA_FIN, CLAUSULA, NUM_ATP, CIF, IMPORTE_ANUAL) values ('2017-08-07', '2018-04-05', 62, 91, 67, '109.18.41.233');
insert into PATROCINIO (FECHA_INICIO, FECHA_FIN, CLAUSULA, NUM_ATP, CIF, IMPORTE_ANUAL) values ('2017-06-28', '2018-12-16', 52, 63, 53, '31.106.119.157');
insert into PATROCINIO (FECHA_INICIO, FECHA_FIN, CLAUSULA, NUM_ATP, CIF, IMPORTE_ANUAL) values ('2017-07-23', '2018-01-11', 65, 41, 47, '238.177.123.172');
insert into PATROCINIO (FECHA_INICIO, FECHA_FIN, CLAUSULA, NUM_ATP, CIF, IMPORTE_ANUAL) values ('2017-08-19', '2018-03-11', 18, 44, 4, '216.32.85.117');